student_id,gender,study_time_hours,attendance_percent,sleep_hours,parental_education,internet_access,extracurricular_activities,part_time_job,previous_grade,final_exam_score,final_grade,study_time_category
1,Male,0.4605263157894737,0.9557522123893807,0.4852941176470588,Bachelors,Yes,Yes,No,0.6637554585152838,1.0,A,Medium
2,Female,0.763157894736842,1.0,0.3676470588235294,High School,Yes,Yes,Yes,0.6433770014556042,1.0,A,High
3,Male,0.5789473684210527,0.6747787610619469,0.6911764705882353,Bachelors,Yes,No,Yes,0.8326055312954876,0.9492481203007518,A,Medium
4,Male,0.27631578947368424,0.502212389380531,0.7058823529411764,High School,Yes,Yes,No,0.7831149927219796,0.6954887218045113,B,Low
5,Male,0.22368421052631582,0.7699115044247786,0.20588235294117635,Bachelors,Yes,No,Yes,0.44395924308588064,0.4041353383458647,D,Low
6,Female,0.48684210526315785,0.517699115044248,0.3676470588235294,High School,Yes,No,No,0.7059679767103348,0.6541353383458647,B,Medium
7,Male,0.13157894736842107,1.0,0.2647058823529412,High School,Yes,Yes,Yes,0.3973799126637555,0.4285714285714285,D,Low
8,Male,0.75,0.6991150442477878,0.41176470588235287,High School,Yes,Yes,No,0.6855895196506552,0.7744360902255639,B,High
9,Male,0.631578947368421,0.586283185840708,0.5147058823529411,Bachelors,Yes,No,No,0.4730713245997088,0.7067669172932333,B,High
10,Female,0.3026315789473684,0.7079646017699115,0.2794117647058823,Bachelors,Yes,Yes,No,0.38427947598253276,0.5169172932330827,C,Low
11,Male,0.05263157894736842,0.36946902654867264,0.3676470588235294,High School,Yes,No,Yes,0.6128093158660846,0.4154135338345867,D,Low
12,Male,0.6578947368421052,0.45353982300884965,0.35294117647058815,High School,Yes,Yes,No,0.09606986899563319,0.56203007518797,C,High
13,Male,0.3684210526315789,0.9336283185840708,0.5588235294117647,Masters,Yes,Yes,Yes,0.25764192139737996,0.6729323308270675,B,Medium
14,Male,0.6447368421052632,0.5221238938053099,0.5441176470588236,Bachelors,No,No,No,0.5327510917030569,0.8740601503759399,A,High
15,Female,0.07894736842105264,0.43584070796460184,0.39705882352941174,Masters,Yes,Yes,Yes,0.5778748180494906,0.5093984962406016,C,Low
16,Male,0.27631578947368424,0.7876106194690267,0.5588235294117647,High School,Yes,Yes,No,0.49927219796215416,0.7142857142857143,B,Low
17,Female,0.39473684210526316,0.9314159292035402,0.4264705882352941,Bachelors,Yes,Yes,No,0.2867540029112081,0.6522556390977444,B,Medium
18,Female,0.40789473684210525,0.8274336283185844,0.4852941176470588,Bachelors,Yes,Yes,Yes,0.42066957787481807,0.5394736842105264,C,Medium
19,Female,0.3026315789473684,0.8893805309734515,0.8235294117647058,Masters,No,Yes,No,0.6317321688500728,0.806390977443609,B,Low
20,Male,0.5131578947368421,0.5000000000000002,0.7647058823529411,Masters,No,No,Yes,0.6652110625909753,0.8646616541353384,A,Medium
21,Female,0.18421052631578944,0.35398230088495586,0.29411764705882354,High School,Yes,Yes,No,0.5604075691411936,0.5018796992481204,C,Low
22,Male,0.3684210526315789,1.0,0.6764705882352939,High School,Yes,Yes,No,0.7656477438136828,1.0,A,Medium
23,Female,0.4210526315789474,0.5973451327433628,0.6764705882352939,High School,No,No,No,0.6331877729257642,0.5000000000000001,C,Medium
24,Female,0.5,0.6128318584070798,0.3235294117647059,PhD,No,Yes,No,0.43231441048034935,0.4586466165413535,C,Medium
25,Female,0.5394736842105262,0.9623893805309733,0.6764705882352939,High School,Yes,Yes,Yes,0.5138282387190684,0.9473684210526315,A,Medium
26,Female,0.17105263157894735,0.7920353982300883,0.7941176470588234,High School,Yes,No,No,0.3187772925764193,0.5488721804511277,C,Low
27,Female,0.09210526315789473,0.7699115044247786,0.338235294117647,Masters,Yes,No,Yes,0.5443959243085881,0.5996240601503761,C,Low
28,Female,0.6447368421052632,1.0,0.3676470588235294,High School,No,No,No,0.7569141193595341,0.9511278195488723,A,High
29,Female,0.4605263157894737,0.5265486725663717,0.7058823529411764,Bachelors,Yes,No,No,0.6826783114992723,0.7030075187969925,B,Medium
30,Female,0.25,0.8738938053097347,0.5735294117647058,Bachelors,Yes,Yes,No,0.8078602620087336,0.8082706766917293,B,Low
31,Male,0.6973684210526315,0.6814159292035398,0.6323529411764706,Bachelors,Yes,No,Yes,0.5109170305676857,0.6691729323308272,B,High
32,Male,0.4210526315789474,0.7278761061946903,0.588235294117647,High School,Yes,Yes,No,0.7991266375545851,0.7687969924812031,B,Medium
33,Female,0.631578947368421,1.0,0.6029411764705881,Masters,Yes,Yes,No,0.529839883551674,1.0,A,High
34,Female,0.40789473684210525,0.7809734513274336,0.29411764705882354,Bachelors,No,Yes,No,0.8209606986899565,0.8740601503759399,A,Medium
35,Female,0.8026315789473684,0.7876106194690267,0.7205882352941175,Masters,Yes,Yes,Yes,0.5589519650655022,1.0,A,High
36,Male,0.7368421052631579,0.9048672566371683,0.7352941176470587,High School,Yes,Yes,Yes,0.6870451237263464,0.8665413533834588,A,High
37,Female,0.34210526315789475,0.5884955752212391,0.4852941176470588,High School,Yes,No,Yes,0.8209606986899565,0.6842105263157895,B,Medium
38,Male,0.5921052631578947,0.4823008849557522,0.5147058823529411,High School,Yes,Yes,No,0.529839883551674,0.6447368421052632,B,Medium
39,Male,0.5263157894736842,0.43805309734513265,0.2647058823529412,High School,Yes,Yes,Yes,0.6011644832605529,0.8026315789473685,B,Medium
40,Male,0.6710526315789473,0.23230088495575218,0.6176470588235294,Masters,Yes,Yes,No,0.7889374090247452,0.8421052631578946,A,High
41,Male,0.21052631578947367,1.0,0.6323529411764706,High School,Yes,Yes,Yes,0.5400291120815139,0.5357142857142857,C,Low
42,Male,0.5263157894736842,0.4247787610619469,0.5147058823529411,High School,Yes,No,No,0.3318777292576419,0.6052631578947368,C,Medium
43,Female,0.6052631578947367,0.6194690265486726,0.7205882352941175,Bachelors,Yes,Yes,No,0.9374090247452693,1.0,A,High
44,Female,0.05263157894736842,0.6061946902654869,0.4705882352941177,Bachelors,Yes,Yes,No,0.4818049490538574,0.6090225563909776,C,Low
45,Female,0.15789473684210525,0.736725663716814,0.6323529411764706,Bachelors,No,Yes,No,0.5909752547307132,0.45112781954887227,C,Low
46,Female,0.0,0.8495575221238938,0.35294117647058815,High School,No,No,Yes,0.7656477438136828,0.2819548872180452,D,Low
47,Female,0.34210526315789475,0.8584070796460175,0.5294117647058822,Bachelors,Yes,Yes,Yes,0.4570596797671034,0.3984962406015039,D,Medium
48,Male,0.5394736842105262,0.5398230088495577,0.49999999999999994,High School,Yes,Yes,Yes,0.38719068413391555,0.6296992481203006,B,Medium
49,Female,0.6973684210526315,0.6305309734513274,0.5735294117647058,Bachelors,No,Yes,No,0.6069868995633187,0.7857142857142857,B,High
50,Female,0.40789473684210525,0.7300884955752212,0.4705882352941177,High School,Yes,Yes,No,0.2503639010189228,0.4248120300751882,D,Medium
51,Male,0.7105263157894737,0.6128318584070798,0.49999999999999994,Bachelors,Yes,Yes,No,0.512372634643377,1.0,A,High
52,Female,0.11842105263157894,1.0,0.6764705882352939,High School,No,No,No,0.6055312954876275,0.6578947368421052,B,Low
53,Male,0.05263157894736842,0.776548672566372,0.45588235294117646,Masters,Yes,No,No,0.5167394468704511,0.4849624060150376,C,Low
54,Female,0.381578947368421,0.829646017699115,0.25000000000000006,Masters,Yes,No,No,0.29403202328966527,0.7236842105263158,B,Medium
55,Male,0.4736842105263157,0.8141592920353982,0.838235294117647,Bachelors,No,Yes,No,0.8413391557496359,0.9962406015037594,A,Medium
56,Female,0.39473684210526316,0.9269911504424782,0.7794117647058822,Bachelors,Yes,Yes,Yes,0.5807860262008735,0.7048872180451128,B,Medium
57,Female,0.0,0.7079646017699115,0.29411764705882354,Masters,Yes,Yes,No,0.8136826783114992,0.4642857142857143,C,Low
58,Male,0.381578947368421,0.3805309734513276,0.6470588235294117,Bachelors,Yes,No,No,0.5181950509461427,0.7048872180451128,B,Medium
59,Male,0.13157894736842107,0.7566371681415931,0.44117647058823534,Masters,Yes,No,No,0.4090247452692868,0.5206766917293234,C,Low
60,Male,0.5263157894736842,0.5243362831858407,0.5735294117647058,Bachelors,Yes,No,No,0.6098981077147017,0.8026315789473685,B,Medium
61,Male,0.4605263157894737,0.5508849557522126,0.588235294117647,Masters,Yes,Yes,No,0.5254730713245997,0.6315789473684211,B,Medium
62,Male,0.21052631578947367,0.7986725663716818,0.4852941176470588,Bachelors,No,Yes,Yes,0.3580786026200873,0.45676691729323304,C,Low
63,Male,0.2894736842105263,0.9424778761061949,0.39705882352941174,Bachelors,Yes,Yes,No,0.8195050946142648,0.7706766917293232,B,Low
64,Male,0.18421052631578944,0.6725663716814161,0.41176470588235287,High School,Yes,No,No,0.4541484716157205,0.49248120300751885,C,Low
65,Male,0.381578947368421,0.736725663716814,0.3676470588235294,Bachelors,Yes,No,Yes,0.24163027656477432,0.6390977443609022,B,Medium
66,Female,0.5789473684210527,1.0,0.3823529411764705,Bachelors,Yes,No,No,0.794759825327511,0.9511278195488723,A,Medium
67,Female,0.19736842105263158,0.7212389380530975,0.5147058823529411,High School,Yes,Yes,No,0.47452692867540025,0.39473684210526316,D,Low
68,Male,0.5,1.0,0.39705882352941174,Bachelors,No,Yes,No,0.4570596797671034,0.6090225563909776,C,Medium
69,Female,0.2894736842105263,0.7942477876106198,0.6470588235294117,Bachelors,No,No,Yes,0.25473071324599705,0.5018796992481204,C,Low
70,Female,0.23684210526315785,0.278761061946903,0.7941176470588234,High School,Yes,No,No,0.8675400291120816,0.7199248120300751,B,Low
71,Female,0.3684210526315789,0.834070796460177,0.4264705882352941,High School,Yes,Yes,No,0.3377001455604076,0.6165413533834586,C,Medium
72,Female,0.18421052631578944,0.752212389380531,0.5735294117647058,Bachelors,Yes,Yes,No,0.5735080058224162,0.5751879699248122,C,Low
73,Male,0.2894736842105263,0.9535398230088497,0.6176470588235294,Masters,Yes,Yes,No,0.7234352256186318,0.8984962406015037,A,Low
74,Female,0.15789473684210525,0.8163716814159292,0.6176470588235294,Bachelors,Yes,Yes,No,0.6375545851528384,0.5789473684210525,C,Low
75,Male,0.7763157894736842,0.6371681415929202,0.5441176470588236,High School,Yes,Yes,No,0.5531295487627366,0.9981203007518799,A,High
76,Female,0.40789473684210525,0.3982300884955752,0.6617647058823528,Masters,No,No,No,0.26637554585152845,0.330827067669173,D,Medium
77,Female,0.2631578947368421,0.6216814159292037,0.6176470588235294,High School,Yes,Yes,No,0.4221251819505094,0.47180451127819556,C,Low
78,Female,0.43421052631578944,0.4800884955752214,0.30882352941176466,Bachelors,Yes,Yes,No,0.5967976710334788,0.6109022556390976,C,Medium
79,Male,0.3684210526315789,0.5398230088495577,0.6764705882352939,High School,Yes,Yes,Yes,0.42649199417758377,0.5281954887218047,C,Medium
80,Female,0.35526315789473684,0.7986725663716818,0.6911764705882353,High School,Yes,No,No,0.5982532751091705,0.7631578947368421,B,Medium
81,Male,0.5131578947368421,1.0,0.39705882352941174,High School,Yes,No,No,0.6826783114992723,0.9548872180451128,A,Medium
82,Female,0.5394736842105262,0.7544247787610621,0.5294117647058822,Bachelors,Yes,Yes,No,0.7321688500727801,0.5206766917293234,C,Medium
83,Male,0.2894736842105263,0.40265486725663724,0.6470588235294117,High School,Yes,No,Yes,0.3493449781659388,0.325187969924812,D,Low
84,Female,0.27631578947368424,0.765486725663717,0.4852941176470588,Bachelors,Yes,No,No,0.9475982532751093,0.81203007518797,A,Low
85,Male,0.34210526315789475,0.9336283185840708,0.7205882352941175,Bachelors,Yes,Yes,Yes,0.6972343522561864,0.9868421052631579,A,Medium
86,Male,0.0,0.5331858407079648,0.9411764705882353,Bachelors,Yes,Yes,Yes,0.5633187772925765,0.3214285714285715,D,Low
87,Female,0.09210526315789473,0.6393805309734515,0.39705882352941174,Bachelors,Yes,No,No,0.7540029112081512,0.6052631578947368,C,Low
88,Male,0.6710526315789473,0.6703539823008848,0.2794117647058823,Masters,Yes,No,No,0.9767103347889374,1.0,A,High
89,Female,0.7236842105263158,0.49557522123893816,0.588235294117647,High School,Yes,No,No,0.31149927219796225,0.6033834586466166,C,High
90,Female,0.34210526315789475,0.8119469026548671,0.6617647058823528,Bachelors,Yes,No,Yes,0.5240174672489083,0.7086466165413533,B,Medium
91,Female,0.5131578947368421,0.6415929203539823,0.4852941176470588,High School,Yes,No,No,0.14847161572052403,0.46804511278195504,C,Medium
92,Female,0.4605263157894737,0.7610619469026549,0.7794117647058822,High School,Yes,Yes,Yes,0.5967976710334788,0.7424812030075189,B,Medium
93,Female,0.9999999999999999,0.47123893805309724,0.29411764705882354,Bachelors,Yes,Yes,No,0.6273653566229986,0.9680451127819548,A,High
94,Female,0.618421052631579,0.570796460176991,0.6470588235294117,Bachelors,Yes,Yes,No,0.5560407569141192,0.7763157894736842,B,High
95,Female,0.3684210526315789,0.8274336283185844,0.4264705882352941,PhD,Yes,Yes,No,0.4483260553129549,0.9924812030075186,A,Medium
96,Female,0.21052631578947367,0.586283185840708,0.838235294117647,Bachelors,Yes,No,No,0.20524017467248912,0.5263157894736842,C,Low
97,Female,0.07894736842105264,1.0,0.8823529411764703,High School,Yes,No,Yes,0.6288209606986899,0.7631578947368421,B,Low
98,Female,0.43421052631578944,0.5796460176991152,0.39705882352941174,High School,No,No,No,0.8180494905385736,0.7838345864661654,B,Medium
99,Female,0.25,0.7168141592920356,0.4264705882352941,High School,Yes,Yes,Yes,0.45997088791848617,0.3458646616541353,D,Low
100,Male,0.11842105263157894,0.8738938053097347,0.6764705882352939,High School,No,No,No,0.6404657933042213,0.6090225563909776,C,Low
101,Male,0.2631578947368421,0.35398230088495586,0.45588235294117646,High School,Yes,Yes,No,0.289665211062591,0.5206766917293234,C,Low
102,Female,0.18421052631578944,0.278761061946903,0.5147058823529411,Bachelors,Yes,Yes,Yes,0.6433770014556042,0.3665413533834586,D,Low
103,Female,0.7236842105263158,0.32964601769911517,0.5294117647058822,Bachelors,No,No,No,0.49490538573508003,0.8026315789473685,B,High
104,Female,0.5657894736842105,0.9469026548672566,0.19117647058823523,High School,Yes,No,No,0.4308588064046579,0.8627819548872181,A,Medium
105,Female,0.39473684210526316,0.5464601769911506,0.5294117647058822,High School,Yes,No,Yes,0.4308588064046579,0.7593984962406016,B,Medium
106,Female,0.6842105263157895,1.0,0.41176470588235287,Masters,Yes,Yes,Yes,0.49490538573508003,0.8590225563909774,A,High
107,Female,0.40789473684210525,0.5442477876106198,0.44117647058823534,High School,Yes,Yes,Yes,0.6302765647743813,0.543233082706767,C,Medium
108,Female,0.22368421052631582,0.7079646017699115,0.7794117647058822,High School,Yes,Yes,No,0.3347889374090247,0.5112781954887219,C,Low
109,Female,0.6973684210526315,1.0,0.30882352941176466,High School,Yes,Yes,No,0.4934497816593887,1.0,A,High
110,Male,0.5,1.0,0.6764705882352939,High School,No,No,Yes,0.5560407569141192,0.5394736842105264,C,Medium
111,Female,0.18421052631578944,1.0,0.4852941176470588,High School,Yes,No,Yes,0.37117903930131,0.2800751879699249,D,Low
112,Male,0.35526315789473684,0.9358407079646018,0.4852941176470588,Bachelors,No,No,No,0.8777292576419213,0.8383458646616543,A,Medium
113,Female,0.22368421052631582,0.8938053097345136,0.6617647058823528,High School,No,Yes,No,0.41484716157205237,0.4868421052631581,C,Low
114,Female,0.11842105263157894,0.7986725663716818,0.588235294117647,Bachelors,Yes,No,No,0.44687045123726343,0.5225563909774434,C,Low
115,Male,0.5789473684210527,0.8407079646017701,0.6323529411764706,High School,Yes,Yes,No,0.39301310043668114,0.9342105263157895,A,Medium
116,Female,0.7763157894736842,0.5464601769911506,0.7058823529411764,Masters,No,No,Yes,0.8777292576419213,0.8966165413533834,A,High
117,Male,0.11842105263157894,0.48672566371681425,0.4705882352941177,High School,No,Yes,No,0.6593886462882095,0.2349624060150376,F,Low
118,Female,0.5,0.668141592920354,0.4264705882352941,High School,Yes,Yes,No,0.4002911208151383,0.9285714285714287,A,Medium
119,Female,0.2631578947368421,0.6305309734513274,0.338235294117647,Bachelors,Yes,Yes,Yes,0.7569141193595341,0.5357142857142857,C,Low
120,Male,0.3026315789473684,0.5685840707964602,0.3823529411764705,Bachelors,Yes,No,No,0.5982532751091705,0.49812030075187963,C,Low
121,Female,0.27631578947368424,0.8230088495575223,1.0,High School,Yes,Yes,No,0.6084425036390102,0.9210526315789472,A,Low
122,Male,0.22368421052631582,0.8805309734513274,0.75,High School,Yes,Yes,No,0.5036390101892286,0.6428571428571429,B,Low
123,Female,0.40789473684210525,0.6880530973451329,0.29411764705882354,Masters,Yes,No,Yes,0.43231441048034935,0.5582706766917293,C,Medium
124,Male,0.23684210526315785,0.9955752212389379,0.29411764705882354,Bachelors,Yes,Yes,No,0.6229985443959243,0.7763157894736842,B,Low
125,Male,0.4473684210526315,0.415929203539823,0.6176470588235294,Bachelors,Yes,Yes,No,0.46870451237263466,0.7763157894736842,B,Medium
126,Female,0.381578947368421,0.6261061946902655,0.6323529411764706,Bachelors,Yes,Yes,No,0.8806404657933042,0.8515037593984961,A,Medium
127,Female,0.34210526315789475,0.5088495575221239,0.6323529411764706,Bachelors,Yes,Yes,No,0.34206695778748175,0.7218045112781956,B,Medium
128,Male,0.21052631578947367,0.25442477876106206,0.4852941176470588,High School,Yes,No,Yes,0.8311499272197962,0.30451127819548873,D,Low
129,Female,0.27631578947368424,0.6504424778761064,0.49999999999999994,High School,Yes,No,Yes,0.5443959243085881,0.6447368421052632,B,Low
130,Female,0.5394736842105262,0.6415929203539823,0.588235294117647,High School,Yes,Yes,No,0.6157205240174672,0.7575187969924811,B,Medium
131,Female,0.5,1.0,0.5441176470588236,High School,Yes,No,Yes,0.7088791848617175,1.0,A,Medium
132,Male,0.19736842105263158,0.8075221238938055,0.1323529411764705,High School,Yes,Yes,No,0.45269286754002913,0.543233082706767,C,Low
133,Male,0.40789473684210525,0.4424778761061947,0.4852941176470588,Bachelors,No,Yes,No,0.7147016011644833,0.5733082706766918,C,Medium
134,Male,0.5394736842105262,1.0,0.3823529411764705,Masters,Yes,Yes,No,0.09024745269286749,0.7293233082706766,B,Medium
135,Male,0.06578947368421052,0.9380530973451329,0.5588235294117647,High School,Yes,Yes,No,0.43813682678311494,0.6390977443609022,B,Low
136,Male,0.5,0.7964601769911503,1.0,Bachelors,Yes,Yes,No,0.40174672489082963,0.8966165413533834,A,Medium
137,Male,0.2631578947368421,0.6172566371681418,0.588235294117647,High School,No,No,Yes,0.34497816593886466,0.24248120300751885,F,Low
138,Male,0.5131578947368421,0.4557522123893807,0.4705882352941177,High School,Yes,No,No,0.5254730713245997,0.6409774436090226,B,Medium
139,Male,0.25,0.586283185840708,0.6911764705882353,High School,Yes,Yes,No,0.6302765647743813,0.6729323308270675,B,Low
140,Male,0.039473684210526314,0.9092920353982303,0.6176470588235294,Masters,Yes,No,No,0.6855895196506552,0.6278195488721806,B,Low
141,Female,0.07894736842105264,1.0,0.6029411764705881,Masters,Yes,No,Yes,0.6055312954876275,0.6691729323308272,B,Low
142,Male,0.40789473684210525,1.0,0.6323529411764706,Bachelors,Yes,No,No,0.44687045123726343,0.5469924812030077,C,Medium
143,Female,0.4473684210526315,0.5597345132743363,0.8970588235294119,Bachelors,Yes,No,Yes,0.6273653566229986,0.7838345864661654,B,Medium
144,Female,0.21052631578947367,0.42035398230088505,0.3235294117647059,High School,Yes,Yes,Yes,0.5851528384279476,0.4285714285714285,D,Low
145,Female,0.5263157894736842,0.6991150442477878,0.6176470588235294,High School,Yes,No,Yes,0.7263464337700145,0.7518796992481204,B,Medium
146,Male,0.06578947368421052,0.2765486725663717,0.3676470588235294,High School,Yes,No,No,0.6986899563318776,0.3458646616541353,D,Low
147,Male,0.381578947368421,0.7389380530973453,0.6323529411764706,High School,Yes,No,Yes,0.5691411935953421,0.6616541353383459,B,Medium
148,Male,0.15789473684210525,0.6349557522123894,0.3676470588235294,Masters,Yes,Yes,Yes,0.406113537117904,0.0,F,Low
149,Male,0.2631578947368421,0.5641592920353982,0.45588235294117646,High School,Yes,Yes,Yes,0.44978165938864634,0.40977443609022546,D,Low
150,Female,0.40789473684210525,0.3163716814159292,0.4705882352941177,High School,Yes,Yes,Yes,0.4672489082969432,0.42105263157894746,D,Medium
151,Male,0.22368421052631582,0.7809734513274336,0.7058823529411764,PhD,Yes,Yes,No,0.5080058224163028,0.712406015037594,B,Low
152,Male,0.3157894736842105,0.5508849557522126,0.6911764705882353,Masters,Yes,Yes,Yes,0.6098981077147017,0.5469924812030077,C,Low
153,Male,0.5921052631578947,0.4092920353982301,0.30882352941176466,High School,Yes,No,Yes,0.6885007278020379,0.712406015037594,B,Medium
154,Male,0.27631578947368424,0.0331858407079646,0.5441176470588236,Bachelors,No,Yes,No,0.554585152838428,0.543233082706767,C,Low
155,Male,0.5657894736842105,0.6615044247787611,0.39705882352941174,Bachelors,Yes,No,No,0.5662299854439592,0.9135338345864662,A,Medium
156,Female,0.17105263157894735,1.0,0.30882352941176466,High School,Yes,Yes,No,0.5880640465793305,0.7669172932330827,B,Low
157,Male,0.5,1.0,0.4852941176470588,High School,Yes,No,No,0.4730713245997088,0.7687969924812031,B,Medium
158,Female,0.6842105263157895,0.5663716814159294,0.4705882352941177,Masters,Yes,Yes,Yes,0.40174672489082963,0.7988721804511277,B,High
159,Male,0.0,0.5353982300884956,0.9558823529411764,High School,Yes,Yes,No,0.2561863173216885,0.317669172932331,D,Low
160,Female,0.23684210526315785,0.7721238938053099,0.6029411764705881,Masters,Yes,No,Yes,0.4425036390101893,0.5112781954887219,C,Low
161,Male,0.5131578947368421,0.4469026548672568,0.2794117647058823,Bachelors,Yes,No,No,0.6462882096069869,0.7725563909774437,B,Medium
162,Male,0.35526315789473684,0.7345132743362832,0.4264705882352941,Bachelors,Yes,No,No,0.44104803493449785,0.5601503759398495,C,Medium
163,Female,0.4736842105263157,0.8384955752212391,0.7058823529411764,Masters,Yes,Yes,Yes,0.5211062590975254,0.9492481203007518,A,Medium
164,Female,0.27631578947368424,0.9402654867256639,0.8970588235294119,Masters,Yes,Yes,No,0.6448326055312954,0.8157894736842105,A,Low
165,Female,0.40789473684210525,0.6460176991150444,0.25000000000000006,PhD,Yes,No,No,0.6535662299854439,0.7875939849624062,B,Medium
166,Male,0.3684210526315789,0.6238938053097347,0.19117647058823523,High School,Yes,Yes,No,0.3740902474526928,0.7142857142857143,B,Medium
167,Female,0.631578947368421,0.4734513274336285,0.8529411764705881,Masters,Yes,No,No,0.7379912663755459,1.0,A,High
168,Male,0.4473684210526315,0.48451327433628344,0.6029411764705881,High School,Yes,Yes,No,0.759825327510917,0.663533834586466,B,Medium
169,Male,0.4605263157894737,0.6172566371681418,0.3823529411764705,Bachelors,No,Yes,Yes,0.3653566229985443,0.531954887218045,C,Medium
170,Female,0.3157894736842105,0.7500000000000002,0.6176470588235294,Bachelors,No,Yes,Yes,0.4192139737991266,0.5883458646616541,C,Low
171,Female,0.3026315789473684,0.8694690265486726,0.05882352941176466,Bachelors,Yes,Yes,No,0.7714701601164482,0.8665413533834588,A,Low
172,Male,0.3157894736842105,0.4911504424778761,0.5294117647058822,Bachelors,Yes,No,No,0.537117903930131,0.4699248120300751,C,Low
173,Male,0.4736842105263157,0.9977876106194694,0.588235294117647,High School,Yes,No,No,0.17612809315866085,0.5958646616541353,C,Medium
174,Female,0.3157894736842105,0.6084070796460177,0.6911764705882353,High School,Yes,Yes,No,0.3187772925764193,0.6729323308270675,B,Low
175,Female,0.4473684210526315,0.663716814159292,0.35294117647058815,Masters,Yes,No,No,0.519650655021834,0.6090225563909776,C,Medium
176,Female,0.8026315789473684,0.502212389380531,0.5441176470588236,Bachelors,Yes,Yes,No,0.35953420669577874,0.806390977443609,B,High
177,Male,0.5657894736842105,0.1327433628318584,0.3676470588235294,High School,Yes,Yes,No,0.4905385735080058,0.7969924812030075,B,Medium
178,Male,0.32894736842105265,0.8628318584070795,0.5735294117647058,High School,No,Yes,No,0.5691411935953421,0.6560150375939849,B,Low
179,Male,0.631578947368421,0.8318584070796464,0.3676470588235294,High School,Yes,No,No,0.8180494905385736,0.9379699248120302,A,High
180,Male,0.3157894736842105,0.6061946902654869,0.45588235294117646,PhD,Yes,No,No,0.512372634643377,0.5056390977443609,C,Low
181,Male,0.0,0.683628318584071,0.35294117647058815,High School,Yes,No,No,0.7510917030567685,0.569548872180451,C,Low
182,Male,0.19736842105263158,0.7831858407079648,0.6470588235294117,High School,Yes,No,Yes,0.8122270742358078,0.5582706766917293,C,Low
183,Female,0.02631578947368421,0.3230088495575223,0.6764705882352939,High School,Yes,No,No,0.8136826783114992,0.49624060150375937,C,Low
184,Male,0.32894736842105265,0.5508849557522126,0.4852941176470588,Bachelors,Yes,No,No,0.6128093158660846,0.6917293233082705,B,Low
185,Male,0.39473684210526316,0.8429203539823011,0.5294117647058822,Masters,Yes,No,No,0.2197962154294032,0.7330827067669173,B,Medium
186,Male,0.7236842105263158,0.3915929203539823,0.2794117647058823,Bachelors,Yes,No,No,0.6433770014556042,0.9191729323308272,A,High
187,Female,0.4605263157894737,0.7323008849557524,0.4705882352941177,Bachelors,Yes,Yes,No,0.7467248908296942,0.7969924812030075,B,Medium
188,Male,0.35526315789473684,0.36725663716814183,0.5147058823529411,Bachelors,Yes,Yes,Yes,0.5487627365356622,0.682330827067669,B,Medium
189,Male,0.5526315789473685,0.7721238938053099,0.9852941176470589,Bachelors,Yes,Yes,No,0.8675400291120816,1.0,A,Medium
190,Female,0.0,0.6592920353982301,0.338235294117647,Bachelors,Yes,Yes,No,0.7132459970887919,0.3834586466165414,D,Low
191,Male,0.4473684210526315,0.3097345132743363,0.7941176470588234,High School,Yes,No,No,0.6622998544395924,0.7105263157894736,B,Medium
192,Male,0.5526315789473685,0.9247787610619467,0.7058823529411764,Bachelors,Yes,Yes,Yes,0.75254730713246,1.0,A,Medium
193,Male,0.10526315789473685,0.5066371681415931,0.5735294117647058,Bachelors,Yes,No,No,0.6215429403202328,0.5338345864661654,C,Low
194,Male,0.618421052631579,0.4889380530973453,0.838235294117647,Bachelors,Yes,Yes,No,0.12809315866084425,0.6447368421052632,B,High
195,Male,0.4605263157894737,0.7123893805309736,0.588235294117647,High School,Yes,Yes,No,0.4759825327510917,0.9342105263157895,A,Medium
196,Female,0.3157894736842105,0.9225663716814161,0.6029411764705881,Masters,No,Yes,No,0.7729257641921399,0.6203007518796991,C,Low
197,Female,0.5131578947368421,0.4424778761061947,0.5147058823529411,High School,Yes,No,No,0.4221251819505094,0.5000000000000001,C,Medium
198,Female,0.8421052631578948,0.6814159292035398,0.75,Bachelors,Yes,Yes,No,0.5240174672489083,0.8533834586466166,A,High
199,Male,0.43421052631578944,0.763274336283186,0.7205882352941175,Masters,Yes,Yes,No,0.38136826783114997,0.7612781954887217,B,Medium
200,Male,0.4473684210526315,0.8207964601769913,0.41176470588235287,Bachelors,No,No,No,0.8748180494905387,0.8590225563909774,A,Medium
201,Male,0.3026315789473684,0.7079646017699115,0.29411764705882354,High School,Yes,No,Yes,0.8573508005822417,0.8984962406015037,A,Low
202,Female,0.22368421052631582,0.586283185840708,0.49999999999999994,Masters,Yes,Yes,No,0.4090247452692868,0.5394736842105264,C,Low
203,Male,0.5526315789473685,0.48451327433628344,0.3823529411764705,Bachelors,Yes,Yes,No,0.5895196506550218,0.7236842105263158,B,Medium
204,Male,0.22368421052631582,0.6880530973451329,0.5147058823529411,Masters,Yes,Yes,No,0.44395924308588064,0.56203007518797,C,Low
205,Female,0.40789473684210525,0.43141592920353977,0.75,Masters,Yes,No,No,0.6710334788937409,0.7518796992481204,B,Medium
206,Male,0.3026315789473684,0.022123893805309658,0.45588235294117646,Bachelors,Yes,Yes,Yes,0.6521106259097524,0.26879699248120315,D,Low
207,Female,0.48684210526315785,0.765486725663717,0.5147058823529411,Bachelors,Yes,Yes,Yes,0.7045123726346434,1.0,A,Medium
208,Female,0.4605263157894737,0.8672566371681416,0.5441176470588236,High School,No,Yes,No,0.6215429403202328,0.8289473684210528,A,Medium
209,Female,0.6052631578947367,0.14601769911504436,0.6764705882352939,High School,Yes,Yes,Yes,1.0,0.9266917293233082,A,High
210,Male,0.2894736842105263,0.44469026548672597,0.1323529411764705,Bachelors,Yes,No,No,0.38427947598253276,0.4943609022556391,C,Low
211,Male,0.34210526315789475,0.8053097345132745,0.4264705882352941,Bachelors,Yes,Yes,No,0.264919941775837,0.6466165413533834,B,Medium
212,Male,0.19736842105263158,1.0,0.5735294117647058,Bachelors,Yes,Yes,No,0.49490538573508003,0.6578947368421052,B,Low
213,Male,0.3026315789473684,0.6725663716814161,0.7352941176470587,High School,Yes,Yes,Yes,0.289665211062591,0.43609022556390975,C,Low
214,Male,0.4736842105263157,0.5066371681415931,0.44117647058823534,High School,Yes,Yes,Yes,0.30276564774381376,0.5958646616541353,C,Medium
215,Male,0.5394736842105262,0.6283185840707965,0.19117647058823523,Bachelors,Yes,Yes,No,0.388646288209607,0.712406015037594,B,Medium
216,Male,0.21052631578947367,0.9712389380530975,0.6323529411764706,High School,Yes,No,No,0.40174672489082963,0.5244360902255639,C,Low
217,Female,0.5657894736842105,0.5243362831858407,0.41176470588235287,Masters,Yes,No,No,0.39592430858806404,0.8345864661654135,A,Medium
218,Male,0.6578947368421052,0.4911504424778761,0.3235294117647059,High School,Yes,No,No,0.6535662299854439,0.8759398496240604,A,High
219,Female,0.4736842105263157,0.5619469026548674,0.4264705882352941,Bachelors,Yes,No,No,0.47452692867540025,0.7518796992481204,B,Medium
220,Male,0.763157894736842,0.4579646017699115,0.49999999999999994,High School,Yes,No,No,0.5312954876273653,1.0,A,High
221,Male,0.23684210526315785,0.6946902654867257,0.4264705882352941,High School,Yes,Yes,No,0.7190684133915575,0.7048872180451128,B,Low
222,Male,0.14473684210526316,1.0,0.14705882352941174,Bachelors,No,No,No,0.42940320232896645,0.4642857142857143,C,Low
223,Female,0.039473684210526314,0.7389380530973453,0.6911764705882353,High School,No,No,Yes,0.5167394468704511,0.44548872180451127,C,Low
224,Female,0.6842105263157895,0.6128318584070798,0.75,Bachelors,Yes,No,Yes,0.6273653566229986,0.8101503759398497,B,High
225,Female,0.5263157894736842,0.6039823008849556,0.6470588235294117,Bachelors,Yes,Yes,No,0.22416302765647744,0.6447368421052632,B,Medium
226,Female,0.381578947368421,0.3230088495575223,0.3235294117647059,Bachelors,Yes,Yes,No,0.14701601164483258,0.3872180451127821,D,Medium
227,Male,0.4473684210526315,0.8628318584070795,0.49999999999999994,Bachelors,Yes,No,Yes,0.6244541484716157,0.6654135338345865,B,Medium
228,Female,0.17105263157894735,0.6504424778761064,0.5294117647058822,PhD,Yes,No,Yes,0.6491994177583698,0.81203007518797,A,Low
229,Male,0.881578947368421,0.6283185840707965,0.6323529411764706,High School,Yes,No,No,0.9243085880640465,1.0,A,High
230,Male,0.4210526315789474,1.0,0.6470588235294117,High School,Yes,Yes,Yes,0.5909752547307132,0.674812030075188,B,Medium
231,Female,0.4210526315789474,0.7345132743362832,0.39705882352941174,PhD,Yes,Yes,No,0.7059679767103348,0.9680451127819548,A,Medium
232,Female,0.5394736842105262,0.502212389380531,0.5441176470588236,Bachelors,Yes,Yes,No,0.529839883551674,0.8402255639097745,A,Medium
233,Female,0.48684210526315785,0.5730088495575223,0.6029411764705881,PhD,Yes,No,No,0.6157205240174672,0.6654135338345865,B,Medium
234,Female,0.43421052631578944,0.9225663716814161,0.7794117647058822,Bachelors,Yes,Yes,No,0.8544395924308588,1.0,A,Medium
235,Female,0.23684210526315785,0.6924778761061947,0.6470588235294117,Masters,Yes,Yes,No,0.19213973799126638,0.6278195488721806,B,Low
236,Female,0.48684210526315785,0.3495575221238938,0.6617647058823528,Bachelors,Yes,No,No,0.6360989810771469,0.7312030075187971,B,Medium
237,Female,0.763157894736842,0.8716814159292037,0.5441176470588236,Masters,Yes,Yes,No,0.9359534206695779,1.0,A,High
238,Female,0.6578947368421052,0.5199115044247788,0.7794117647058822,High School,Yes,No,No,0.6128093158660846,0.7067669172932333,B,High
239,Male,0.7105263157894737,1.0,0.6029411764705881,Bachelors,Yes,Yes,No,0.8515283842794759,1.0,A,High
240,Female,0.2894736842105263,0.9070796460176993,0.3823529411764705,High School,Yes,No,Yes,0.45269286754002913,0.7105263157894736,B,Low
241,Female,0.19736842105263158,0.5685840707964602,0.7794117647058822,High School,Yes,No,Yes,0.5574963609898107,0.6353383458646616,B,Low
242,Male,0.3684210526315789,0.9513274336283186,0.6470588235294117,High School,Yes,No,Yes,0.5691411935953421,0.7199248120300751,B,Medium
243,Female,0.40789473684210525,0.683628318584071,0.45588235294117646,High School,Yes,No,Yes,0.17612809315866085,0.4248120300751882,D,Medium
244,Male,0.6052631578947367,0.8561946902654869,0.44117647058823534,High School,Yes,Yes,No,0.35953420669577874,0.8533834586466166,A,High
245,Male,0.06578947368421052,0.7743362831858407,0.588235294117647,Bachelors,Yes,Yes,No,0.37117903930131,0.5526315789473685,C,Low
246,Female,0.6973684210526315,0.4800884955752214,0.6176470588235294,Bachelors,Yes,Yes,No,0.7074235807860263,1.0,A,High
247,Male,0.3684210526315789,0.5265486725663717,0.5588235294117647,Bachelors,Yes,No,No,0.7161572052401746,0.8533834586466166,A,Medium
248,Male,0.3157894736842105,0.8960176991150441,0.588235294117647,Bachelors,No,No,No,0.6200873362445416,0.5582706766917293,C,Low
249,Male,0.19736842105263158,0.595132743362832,0.8235294117647058,High School,Yes,Yes,No,0.7074235807860263,0.674812030075188,B,Low
250,Male,0.06578947368421052,0.5796460176991152,0.7205882352941175,High School,Yes,No,No,0.5342066957787481,0.3815789473684209,D,Low
251,Female,0.5526315789473685,0.4557522123893807,0.5588235294117647,High School,Yes,Yes,Yes,0.7729257641921399,0.7819548872180452,B,Medium
252,Male,0.40789473684210525,0.7610619469026549,0.6911764705882353,Bachelors,Yes,No,Yes,0.5647743813682677,0.830827067669173,A,Medium
253,Female,0.14473684210526316,1.0,0.35294117647058815,High School,No,No,No,0.5735080058224162,0.5451127819548872,C,Low
254,Male,0.14473684210526316,0.43141592920353977,0.6029411764705881,High School,Yes,Yes,No,0.5167394468704511,0.7800751879699247,B,Low
255,Male,0.32894736842105265,0.6725663716814161,0.8529411764705881,Bachelors,Yes,Yes,Yes,0.6826783114992723,0.7669172932330827,B,Low
256,Male,0.7236842105263158,0.9800884955752212,0.4852941176470588,Masters,Yes,Yes,Yes,0.48908296943231444,0.9398496240601503,A,High
257,Male,0.34210526315789475,0.6504424778761064,0.3823529411764705,High School,Yes,No,No,0.7336244541484715,0.7500000000000001,B,Medium
258,Female,0.09210526315789473,0.7676991150442478,0.41176470588235287,Bachelors,Yes,Yes,Yes,0.3653566229985443,0.317669172932331,D,Low
259,Female,0.34210526315789475,0.433628318584071,0.338235294117647,Masters,Yes,Yes,No,0.37117903930131,0.49248120300751885,C,Medium
260,Male,0.34210526315789475,0.763274336283186,0.39705882352941174,Masters,Yes,Yes,No,0.6826783114992723,0.8928571428571429,A,Medium
261,Male,0.0,0.6261061946902655,0.4705882352941177,High School,Yes,Yes,No,0.547307132459971,0.46052631578947356,C,Low
262,Female,0.381578947368421,0.8871681415929205,0.2794117647058823,High School,Yes,Yes,No,0.4847161572052401,0.6184210526315791,C,Medium
263,Male,0.35526315789473684,0.9314159292035402,0.5294117647058822,High School,No,No,No,0.7190684133915575,0.6466165413533834,B,Medium
264,Male,0.5263157894736842,1.0,0.6911764705882353,PhD,Yes,Yes,No,0.4570596797671034,0.8327067669172931,A,Medium
265,Male,0.763157894736842,0.7964601769911503,0.3676470588235294,Bachelors,Yes,No,No,0.5283842794759824,0.9530075187969925,A,High
266,Female,0.618421052631579,0.7411504424778761,0.7941176470588234,Bachelors,Yes,No,No,0.8078602620087336,1.0,A,High
267,Female,0.34210526315789475,0.7101769911504427,0.6176470588235294,Masters,Yes,Yes,Yes,0.8326055312954876,0.6541353383458647,B,Medium
268,Female,0.17105263157894735,0.5907079646017701,0.7058823529411764,Masters,Yes,Yes,No,0.8384279475982535,0.6973684210526317,B,Low
269,Male,0.9078947368421053,0.7433628318584073,0.41176470588235287,High School,Yes,No,No,0.5138282387190684,1.0,A,High
270,Male,0.40789473684210525,0.6017699115044248,0.6764705882352939,High School,Yes,No,No,0.7787481804949052,0.6278195488721806,B,Medium
271,Female,0.39473684210526316,0.7057522123893807,0.338235294117647,Masters,Yes,Yes,No,0.3973799126637555,0.531954887218045,C,Medium
272,Female,0.39473684210526316,0.9601769911504427,0.6911764705882353,High School,No,Yes,No,0.40465793304221254,0.5902255639097745,C,Medium
273,Female,0.43421052631578944,0.44469026548672597,0.5588235294117647,PhD,Yes,Yes,Yes,0.15283842794759817,0.336466165413534,D,Medium
274,Female,0.3684210526315789,0.920353982300885,0.6323529411764706,High School,Yes,No,No,0.8558951965065502,0.9586466165413533,A,Medium
275,Male,0.27631578947368424,0.9601769911504427,0.3235294117647059,High School,No,Yes,No,0.4119359534206696,0.5187969924812031,C,Low
276,Female,0.2894736842105263,0.6415929203539823,0.3676470588235294,PhD,Yes,Yes,No,0.5414847161572053,0.5563909774436092,C,Low
277,Male,0.39473684210526316,0.1991150442477876,0.6323529411764706,High School,Yes,No,No,0.40465793304221254,0.5545112781954887,C,Medium
278,Female,0.2894736842105263,0.5331858407079648,0.3676470588235294,High School,Yes,No,Yes,0.6841339155749635,0.7800751879699247,B,Low
279,Male,0.25,0.9557522123893807,0.6176470588235294,High School,Yes,Yes,No,0.49781659388646293,0.8872180451127819,A,Low
280,Female,0.4210526315789474,0.663716814159292,0.29411764705882354,PhD,No,Yes,Yes,0.3347889374090247,0.22556390977443608,F,Medium
281,Female,0.34210526315789475,0.4469026548672568,0.6764705882352939,Bachelors,No,No,No,0.6404657933042213,0.6447368421052632,B,Medium
282,Female,0.6973684210526315,0.5575221238938055,0.30882352941176466,Masters,Yes,Yes,No,0.3129548762736535,0.7086466165413533,B,High
283,Female,0.0,0.8539823008849559,0.6323529411764706,High School,Yes,Yes,Yes,0.4177583697234353,0.4342105263157897,D,Low
284,Male,0.6052631578947367,0.7898230088495577,0.6470588235294117,Masters,Yes,No,No,0.19505094614264928,0.6654135338345865,B,High
285,Female,0.6447368421052632,0.6150442477876106,0.41176470588235287,Masters,Yes,Yes,Yes,0.31441048034934493,0.6860902255639098,B,High
286,Male,0.0,0.586283185840708,0.6323529411764706,High School,Yes,No,Yes,0.5938864628820959,0.42669172932330823,D,Low
287,Male,0.32894736842105265,0.581858407079646,0.5735294117647058,Bachelors,Yes,No,No,0.2197962154294032,0.4078947368421052,D,Low
288,Male,0.3157894736842105,0.46460176991150437,0.44117647058823534,High School,No,Yes,No,0.3042212518195051,0.2763157894736842,D,Low
289,Male,0.11842105263157894,1.0,0.35294117647058815,High School,No,Yes,No,0.5633187772925765,0.4793233082706766,C,Low
290,Female,0.23684210526315785,0.5973451327433628,0.1764705882352941,Bachelors,Yes,No,No,0.46870451237263466,0.5131578947368419,C,Low
291,Male,0.17105263157894735,0.9380530973451329,0.588235294117647,High School,Yes,No,No,0.9112081513828238,0.9041353383458647,A,Low
292,Male,0.7368421052631579,1.0,0.25000000000000006,High School,Yes,No,No,0.8835516739446871,1.0,A,High
293,Male,0.5789473684210527,0.8893805309734515,0.5441176470588236,Masters,Yes,No,Yes,0.4119359534206696,0.7086466165413533,B,Medium
294,Female,0.6447368421052632,0.5730088495575223,0.4852941176470588,Masters,Yes,Yes,Yes,0.6608442503639012,0.8815789473684211,A,High
295,Female,0.5394736842105262,0.7566371681415931,0.6470588235294117,Masters,Yes,No,No,0.6943231441048034,1.0,A,Medium
296,Female,0.17105263157894735,0.663716814159292,0.4705882352941177,High School,Yes,Yes,No,0.4585152838427947,0.6541353383458647,B,Low
297,Female,0.2894736842105263,0.46902654867256643,0.4705882352941177,Bachelors,Yes,Yes,No,0.30276564774381376,0.4530075187969925,C,Low
298,Male,0.48684210526315785,0.7389380530973453,0.6617647058823528,High School,Yes,Yes,No,0.5618631732168851,0.8045112781954887,B,Medium
299,Male,0.15789473684210525,0.4070796460176993,0.588235294117647,Masters,No,Yes,No,0.5327510917030569,0.42105263157894746,D,Low
300,Female,0.5394736842105262,0.9314159292035402,0.588235294117647,Masters,Yes,No,Yes,0.487627365356623,0.6672932330827067,B,Medium
301,Male,0.34210526315789475,0.5663716814159294,0.6176470588235294,Bachelors,Yes,Yes,Yes,0.6404657933042213,0.6409774436090226,B,Medium
302,Male,0.3157894736842105,0.7123893805309736,0.2647058823529412,High School,Yes,Yes,No,0.43231441048034935,0.6691729323308272,B,Low
303,Male,0.5394736842105262,0.7300884955752212,0.6617647058823528,Bachelors,Yes,Yes,No,0.36244541484716164,0.830827067669173,A,Medium
304,Female,0.48684210526315785,0.610619469026549,0.6323529411764706,High School,No,No,No,0.5822416302765647,0.6541353383458647,B,Medium
305,Female,0.32894736842105265,0.7986725663716818,0.35294117647058815,Bachelors,Yes,No,Yes,0.6302765647743813,0.6842105263157895,B,Low
306,Male,0.618421052631579,0.5641592920353982,0.4852941176470588,Bachelors,Yes,Yes,No,0.3580786026200873,0.6372180451127821,B,High
307,Female,0.18421052631578944,0.860619469026549,0.5294117647058822,Masters,Yes,Yes,Yes,0.7248908296943231,0.7593984962406016,B,Low
308,Female,0.5131578947368421,0.36946902654867264,0.49999999999999994,High School,Yes,Yes,Yes,0.25473071324599705,0.4887218045112781,C,Medium
309,Female,0.5131578947368421,0.6969026548672566,0.588235294117647,Bachelors,Yes,No,No,0.46288209606986896,0.7218045112781956,B,Medium
310,Female,0.32894736842105265,1.0,0.7794117647058822,High School,Yes,No,Yes,0.5181950509461427,0.6860902255639098,B,Low
311,Female,0.4605263157894737,0.4469026548672568,0.7205882352941175,High School,Yes,Yes,No,0.45269286754002913,0.6729323308270675,B,Medium
312,Male,0.14473684210526316,0.517699115044248,0.29411764705882354,Masters,Yes,No,Yes,0.4643377001455604,0.31203007518797,D,Low
313,Female,0.5789473684210527,0.7809734513274336,0.6323529411764706,High School,Yes,Yes,No,0.8908296943231442,1.0,A,Medium
314,Male,0.35526315789473684,0.7079646017699115,0.7647058823529411,Bachelors,Yes,No,No,0.41484716157205237,0.6127819548872181,C,Medium
315,Male,0.2894736842105263,0.7455752212389382,0.6029411764705881,Masters,Yes,Yes,No,0.9898107714701601,1.0,A,Low
316,Female,0.6052631578947367,0.776548672566372,0.7205882352941175,PhD,Yes,Yes,No,0.6390101892285298,1.0,A,High
317,Male,0.25,0.8075221238938055,0.8823529411764703,Masters,No,Yes,Yes,0.5793304221251818,0.4906015037593986,C,Low
318,Male,0.11842105263157894,0.913716814159292,0.7058823529411764,High School,No,Yes,No,0.6462882096069869,0.6090225563909776,C,Low
319,Male,0.09210526315789473,0.7588495575221239,0.5735294117647058,High School,Yes,No,No,1.0,0.7030075187969925,B,Low
320,Female,0.5131578947368421,0.6150442477876106,0.7205882352941175,Bachelors,Yes,Yes,Yes,0.39010189228529846,0.6372180451127821,B,Medium
321,Female,0.14473684210526316,0.8163716814159292,0.5588235294117647,High School,Yes,No,No,0.3682678311499272,0.7236842105263158,B,Low
322,Male,0.7368421052631579,1.0,0.5294117647058822,High School,Yes,No,Yes,0.4308588064046579,0.8703007518796991,A,High
323,Female,0.0,0.6393805309734515,0.4705882352941177,Bachelors,Yes,Yes,No,0.5691411935953421,0.5018796992481204,C,Low
324,Female,0.7236842105263158,0.45353982300884965,0.8088235294117645,High School,Yes,Yes,No,0.2620087336244541,0.8270676691729323,A,High
325,Female,0.43421052631578944,0.913716814159292,0.3823529411764705,High School,Yes,Yes,Yes,0.5676855895196506,0.6390977443609022,B,Medium
326,Female,0.381578947368421,0.6415929203539823,0.7941176470588234,High School,Yes,No,No,0.8588064046579329,0.7913533834586467,B,Medium
327,Male,0.2894736842105263,0.18805309734513287,0.6176470588235294,Masters,No,Yes,No,0.5895196506550218,0.317669172932331,D,Low
328,Male,0.4736842105263157,0.8561946902654869,0.2794117647058823,PhD,Yes,Yes,No,0.512372634643377,0.6729323308270675,B,Medium
329,Female,0.381578947368421,0.5486725663716814,0.588235294117647,High School,Yes,Yes,No,0.4556040756914119,0.317669172932331,D,Medium
330,Female,0.618421052631579,0.6482300884955752,0.16176470588235287,PhD,Yes,No,No,0.7205240174672489,0.9360902255639098,A,High
331,Male,0.4210526315789474,0.7411504424778761,0.6470588235294117,PhD,Yes,Yes,No,0.4192139737991266,0.943609022556391,A,Medium
332,Male,0.4210526315789474,0.7101769911504427,0.6911764705882353,Masters,No,Yes,No,0.8864628820960698,0.8740601503759399,A,Medium
333,Female,0.32894736842105265,0.8252212389380529,0.4264705882352941,High School,Yes,Yes,Yes,0.9010189228529841,0.6766917293233082,B,Low
334,Male,0.381578947368421,0.570796460176991,0.5441176470588236,Masters,Yes,Yes,No,0.6084425036390102,0.6466165413533834,B,Medium
335,Female,0.4605263157894737,0.7809734513274336,0.8676470588235292,High School,Yes,No,No,0.5618631732168851,0.7875939849624062,B,Medium
336,Female,0.05263157894736842,0.610619469026549,0.44117647058823534,Masters,Yes,Yes,No,0.7438136826783115,0.4586466165413535,C,Low
337,Male,0.13157894736842107,0.8318584070796464,0.338235294117647,High School,Yes,No,No,0.7540029112081512,0.7575187969924811,B,Low
338,Male,0.5394736842105262,0.8053097345132745,0.7941176470588234,Bachelors,Yes,No,No,0.4221251819505094,0.9041353383458647,A,Medium
339,Female,0.43421052631578944,0.4601769911504425,0.8823529411764703,Bachelors,Yes,No,No,0.47161572052401746,0.550751879699248,C,Medium
340,Female,0.35526315789473684,0.9092920353982303,0.5294117647058822,Bachelors,Yes,No,No,0.3318777292576419,0.7199248120300751,B,Medium
341,Male,0.39473684210526316,0.5486725663716814,0.7058823529411764,High School,Yes,Yes,No,0.6346433770014557,0.9304511278195488,A,Medium
342,Female,0.4605263157894737,0.8473451327433628,0.7647058823529411,High School,Yes,Yes,No,0.6797671033478894,1.0,A,Medium
343,Male,0.2894736842105263,0.7500000000000002,0.39705882352941174,Masters,Yes,No,No,0.32751091703056767,0.8496240601503758,A,Low
344,Female,0.23684210526315785,1.0,0.44117647058823534,PhD,Yes,Yes,No,0.48326055312954874,0.5714285714285715,C,Low
345,Male,0.43421052631578944,0.6194690265486726,0.75,High School,Yes,No,No,0.32751091703056767,0.9530075187969925,A,Medium
346,Male,0.19736842105263158,0.5907079646017701,0.8235294117647058,High School,Yes,Yes,Yes,0.406113537117904,0.4473684210526315,C,Low
347,Male,0.4736842105263157,0.663716814159292,0.6323529411764706,High School,Yes,No,No,0.6593886462882095,0.7593984962406016,B,Medium
348,Female,0.05263157894736842,0.6017699115044248,0.3676470588235294,Masters,Yes,No,No,0.43522561863173226,0.4172932330827067,D,Low
349,Female,0.5921052631578947,0.8451327433628317,0.8823529411764703,Masters,Yes,Yes,Yes,0.5109170305676857,0.8157894736842105,A,Medium
350,Male,0.48684210526315785,0.3097345132743363,0.44117647058823534,Masters,Yes,Yes,Yes,0.2794759825327511,0.5112781954887219,C,Medium
351,Female,0.4473684210526315,0.43584070796460184,0.4705882352941177,High School,Yes,No,No,0.5953420669577876,0.5357142857142857,C,Medium
352,Male,0.5921052631578947,0.43141592920353977,0.588235294117647,High School,Yes,No,No,0.5560407569141192,0.7462406015037594,B,Medium
353,Male,0.7236842105263158,0.8783185840707963,0.8088235294117645,PhD,Yes,Yes,No,0.4366812227074235,1.0,A,High
354,Female,0.5921052631578947,1.0,0.6764705882352939,High School,Yes,No,Yes,0.529839883551674,0.8796992481203006,A,Medium
355,Female,0.02631578947368421,0.6460176991150444,0.6029411764705881,Masters,Yes,Yes,Yes,0.5953420669577876,0.4736842105263158,C,Low
356,Male,0.14473684210526316,0.6305309734513274,0.6176470588235294,Masters,Yes,Yes,No,0.42066957787481807,0.5526315789473685,C,Low
357,Female,0.27631578947368424,0.683628318584071,0.5441176470588236,Masters,Yes,No,No,0.30567685589519644,0.6409774436090226,B,Low
358,Female,0.39473684210526316,0.9247787610619467,0.6323529411764706,High School,Yes,No,Yes,0.8791848617176128,0.7236842105263158,B,Medium
359,Male,0.5,0.46238938053097356,0.08823529411764702,PhD,Yes,No,No,0.45269286754002913,0.6597744360902257,B,Medium
360,Male,0.25,0.7212389380530975,0.4705882352941177,High School,Yes,No,No,0.5458515283842795,0.5864661654135338,C,Low
361,Female,0.43421052631578944,0.8849557522123894,0.5735294117647058,High School,Yes,Yes,Yes,0.7394468704512371,0.8796992481203006,A,Medium
362,Male,0.25,0.7787610619469028,0.3235294117647059,Masters,Yes,No,Yes,1.0,0.9078947368421052,A,Low
363,Male,0.27631578947368424,0.7101769911504427,0.6029411764705881,Bachelors,Yes,Yes,Yes,0.3464337700145561,0.37406015037593987,D,Low
364,Female,0.11842105263157894,0.8893805309734515,0.49999999999999994,Masters,Yes,Yes,No,0.6419213973799127,0.5413533834586465,C,Low
365,Male,0.21052631578947367,0.07079646017699126,0.838235294117647,Bachelors,Yes,Yes,No,0.4395924308588064,0.199248120300752,F,Low
366,Male,0.13157894736842107,0.8185840707964602,0.8088235294117645,High School,Yes,Yes,No,0.46870451237263466,0.5375939849624062,C,Low
367,Female,0.19736842105263158,0.5243362831858407,0.44117647058823534,Masters,Yes,Yes,No,0.43813682678311494,0.6334586466165414,B,Low
368,Female,0.6052631578947367,0.263274336283186,0.49999999999999994,Bachelors,No,Yes,No,0.3668122270742358,0.531954887218045,C,High
369,Male,0.21052631578947367,0.7809734513274336,0.5147058823529411,High School,No,Yes,No,0.5560407569141192,0.39473684210526316,D,Low
370,Male,0.9078947368421053,0.9712389380530975,0.45588235294117646,Masters,Yes,Yes,No,0.30567685589519644,0.9511278195488723,A,High
371,Female,0.48684210526315785,0.6371681415929202,0.5588235294117647,Bachelors,Yes,No,Yes,0.7292576419213974,0.6278195488721806,B,Medium
372,Female,0.43421052631578944,0.8783185840707963,0.39705882352941174,Bachelors,Yes,Yes,No,0.5735080058224162,0.6766917293233082,B,Medium
373,Female,0.22368421052631582,1.0,0.3235294117647059,Bachelors,Yes,Yes,No,0.6375545851528384,0.7706766917293232,B,Low
374,Female,0.5394736842105262,0.9579646017699113,0.6323529411764706,Masters,Yes,No,No,0.4818049490538574,0.7330827067669173,B,Medium
375,Male,0.27631578947368424,1.0,0.6470588235294117,Masters,Yes,No,No,0.49927219796215416,0.8439849624060151,A,Low
376,Female,0.4210526315789474,0.8318584070796464,0.3823529411764705,Masters,Yes,No,Yes,0.6142649199417758,0.7161654135338348,B,Medium
377,Female,0.894736842105263,0.6858407079646018,0.6911764705882353,High School,Yes,Yes,No,0.35953420669577874,0.9868421052631579,A,High
378,Male,0.381578947368421,0.3141592920353984,0.41176470588235287,Masters,Yes,No,No,0.5007278020378457,0.5169172932330827,C,Medium
379,Female,0.618421052631579,0.6128318584070798,0.5735294117647058,Masters,Yes,Yes,No,0.41339155749636103,0.8740601503759399,A,High
380,Male,0.25,0.4823008849557522,0.6764705882352939,Masters,Yes,Yes,No,0.40756914119359533,0.6127819548872181,C,Low
381,Female,0.381578947368421,1.0,0.5294117647058822,Bachelors,No,Yes,No,0.19505094614264928,0.5751879699248122,C,Medium
382,Female,0.75,0.6283185840707965,0.6029411764705881,PhD,Yes,No,No,0.7976710334788937,1.0,A,High
383,Female,0.27631578947368424,0.6946902654867257,0.44117647058823534,Masters,Yes,Yes,No,0.44395924308588064,0.5639097744360902,C,Low
384,Male,0.75,0.7898230088495577,0.49999999999999994,High School,Yes,Yes,No,0.7671033478893741,1.0,A,High
385,Male,0.5394736842105262,0.6769911504424782,0.49999999999999994,Bachelors,No,Yes,No,0.7496360989810771,0.7857142857142857,B,Medium
386,Female,0.2894736842105263,1.0,0.39705882352941174,PhD,Yes,No,No,0.33915574963609896,0.6071428571428571,C,Low
387,Male,0.5131578947368421,0.5309734513274336,0.49999999999999994,High School,Yes,No,No,0.3726346433770015,0.6127819548872181,C,Medium
388,Male,0.5921052631578947,0.7101769911504427,0.25000000000000006,High School,Yes,Yes,No,1.0,1.0,A,Medium
389,Male,0.5131578947368421,0.5044247787610618,0.44117647058823534,Masters,Yes,No,Yes,0.8689956331877728,0.7500000000000001,B,Medium
390,Male,0.07894736842105264,0.3761061946902655,0.4852941176470588,Bachelors,Yes,Yes,Yes,0.5574963609898107,0.42669172932330823,D,Low
391,Male,0.25,0.5331858407079648,0.4852941176470588,High School,Yes,No,No,0.6084425036390102,0.7424812030075189,B,Low
392,Male,0.34210526315789475,0.6592920353982301,0.4852941176470588,High School,Yes,Yes,No,0.45269286754002913,0.7612781954887217,B,Medium
393,Female,0.381578947368421,0.5730088495575223,0.5147058823529411,High School,No,No,No,0.6390101892285298,0.4755639097744361,C,Medium
394,Female,0.5131578947368421,0.5154867256637168,0.6176470588235294,High School,Yes,Yes,No,0.43813682678311494,0.8552631578947368,A,Medium
395,Male,0.43421052631578944,0.3561946902654869,0.6764705882352939,Masters,Yes,No,Yes,0.2081513828238719,0.3909774436090224,D,Medium
396,Female,0.13157894736842107,0.6504424778761064,0.41176470588235287,Bachelors,Yes,Yes,No,0.3318777292576419,0.4868421052631581,C,Low
397,Female,0.4736842105263157,0.33628318584070804,0.3235294117647059,High School,Yes,Yes,No,0.5676855895196506,0.550751879699248,C,Medium
398,Female,0.5131578947368421,0.836283185840708,0.338235294117647,High School,No,Yes,No,0.3653566229985443,0.6466165413533834,B,Medium
399,Female,0.5,0.6858407079646018,0.44117647058823534,Bachelors,Yes,Yes,No,0.5516739446870451,0.8195488721804512,A,Medium
400,Male,0.6052631578947367,0.3451327433628322,0.4705882352941177,High School,Yes,Yes,No,0.37554585152838427,0.49624060150375937,C,High
401,Female,0.5657894736842105,0.599557522123894,0.39705882352941174,Bachelors,Yes,No,Yes,0.42649199417758377,0.7218045112781956,B,Medium
402,Female,0.48684210526315785,0.502212389380531,0.29411764705882354,Bachelors,Yes,Yes,No,0.7117903930131004,0.9323308270676692,A,Medium
403,Male,0.381578947368421,0.7389380530973453,0.45588235294117646,High School,Yes,No,Yes,0.6069868995633187,0.6597744360902257,B,Medium
404,Male,0.06578947368421052,0.9646017699115048,0.5588235294117647,Bachelors,Yes,No,No,0.5618631732168851,0.7462406015037594,B,Low
405,Female,0.4736842105263157,0.25221238938053103,0.6323529411764706,Bachelors,Yes,No,No,0.7161572052401746,0.712406015037594,B,Medium
406,Female,0.43421052631578944,0.6946902654867257,0.4264705882352941,PhD,Yes,No,No,0.6477438136826783,0.8684210526315789,A,Medium
407,Female,0.4473684210526315,0.6327433628318586,0.45588235294117646,Bachelors,Yes,No,No,0.8165938864628821,0.6033834586466166,C,Medium
408,Female,0.14473684210526316,0.8163716814159292,0.3676470588235294,Bachelors,Yes,Yes,No,0.48326055312954874,0.8195488721804512,A,Low
409,Female,0.18421052631578944,0.7146017699115044,0.5294117647058822,High School,No,No,No,0.487627365356623,0.6259398496240601,B,Low
410,Female,0.6052631578947367,0.502212389380531,0.3823529411764705,High School,Yes,Yes,Yes,0.33624454148471616,0.5883458646616541,C,High
411,Male,0.381578947368421,0.5973451327433628,0.6323529411764706,High School,Yes,No,No,0.48908296943231444,0.43796992481203,C,Medium
412,Female,0.5263157894736842,0.4911504424778761,0.2205882352941177,High School,Yes,No,No,0.7321688500727801,0.8157894736842105,A,Medium
413,Female,0.39473684210526316,0.9070796460176993,0.4705882352941177,Masters,Yes,Yes,No,0.7903930131004366,0.7462406015037594,B,Medium
414,Male,0.39473684210526316,0.6725663716814161,0.588235294117647,Bachelors,Yes,Yes,No,0.7307132459970889,0.8778195488721804,A,Medium
415,Male,0.5789473684210527,1.0,0.5588235294117647,Bachelors,No,Yes,Yes,0.2503639010189228,0.6860902255639098,B,Medium
416,Male,0.2894736842105263,0.6548672566371683,1.0,Bachelors,Yes,No,Yes,0.75254730713246,0.6466165413533834,B,Low
417,Male,0.40789473684210525,0.5110619469026552,0.588235294117647,Masters,No,No,No,0.24163027656477432,0.5488721804511277,C,Medium
418,Female,0.3026315789473684,0.33407079646017723,0.35294117647058815,High School,Yes,Yes,No,0.7205240174672489,0.7161654135338348,B,Low
419,Female,0.3026315789473684,0.26991150442477885,0.5147058823529411,Masters,Yes,No,No,0.49927219796215416,0.6090225563909776,C,Low
420,Female,0.32894736842105265,0.31858407079646023,0.2205882352941177,Bachelors,No,No,No,0.6855895196506552,0.4887218045112781,C,Low
421,Female,0.43421052631578944,0.7278761061946903,0.5147058823529411,Bachelors,Yes,Yes,Yes,0.33042212518195047,0.4342105263157897,D,Medium
422,Female,0.3026315789473684,0.7809734513274336,0.3823529411764705,Bachelors,No,Yes,No,0.7685589519650655,0.8045112781954887,B,Low
423,Female,0.6447368421052632,0.31858407079646023,0.6911764705882353,High School,Yes,No,Yes,0.3071324599708879,0.5733082706766918,C,High
424,Male,0.22368421052631582,0.8672566371681416,0.4264705882352941,Masters,No,No,No,0.44687045123726343,0.33458646616541354,D,Low
425,Female,0.35526315789473684,0.5619469026548674,0.5147058823529411,Bachelors,Yes,No,Yes,0.388646288209607,0.6578947368421052,B,Medium
426,Male,0.3026315789473684,0.7013274336283186,0.41176470588235287,High School,Yes,Yes,No,0.2561863173216885,0.7406015037593986,B,Low
427,Male,0.6842105263157895,1.0,0.838235294117647,Bachelors,Yes,Yes,Yes,0.5793304221251818,1.0,A,High
428,Female,0.43421052631578944,0.8672566371681416,0.4705882352941177,High School,Yes,Yes,No,0.8791848617176128,1.0,A,Medium
429,Male,0.5921052631578947,0.6084070796460177,0.8529411764705881,Bachelors,Yes,Yes,No,1.0,1.0,A,Medium
430,Female,0.10526315789473685,0.47123893805309724,0.6764705882352939,High School,Yes,Yes,No,0.5807860262008735,0.4736842105263158,C,Low
431,Male,0.4473684210526315,0.1924778761061947,0.6176470588235294,High School,Yes,No,No,0.7583697234352258,0.6466165413533834,B,Medium
432,Female,0.5657894736842105,0.5088495575221239,0.588235294117647,High School,Yes,Yes,No,0.6040756914119358,1.0,A,Medium
433,Male,0.40789473684210525,0.6216814159292037,0.6029411764705881,High School,Yes,No,Yes,0.6506550218340612,0.6184210526315791,C,Medium
434,Female,0.6052631578947367,0.4491150442477876,0.19117647058823523,Bachelors,Yes,Yes,No,0.5036390101892286,0.8007518796992482,B,High
435,Female,0.2894736842105263,0.6393805309734515,0.4852941176470588,High School,Yes,No,No,0.5967976710334788,0.5827067669172933,C,Low
436,Female,0.6710526315789473,0.6858407079646018,0.6764705882352939,High School,Yes,Yes,Yes,0.6564774381368268,0.8759398496240604,A,High
437,Female,0.8421052631578948,0.6194690265486726,0.5147058823529411,High School,Yes,Yes,Yes,0.46288209606986896,1.0,A,High
438,Female,0.32894736842105265,0.5243362831858407,0.2794117647058823,Masters,Yes,Yes,No,0.5502183406113537,0.5582706766917293,C,Low
439,Male,0.3026315789473684,0.7057522123893807,0.5147058823529411,Masters,Yes,No,No,0.5531295487627366,0.6109022556390976,C,Low
440,Male,0.6842105263157895,0.765486725663717,0.8235294117647058,High School,No,No,No,0.7074235807860263,1.0,A,High
441,Male,0.7105263157894737,0.42699115044247793,0.75,High School,Yes,Yes,No,0.3770014556040757,0.9793233082706768,A,High
442,Female,0.2894736842105263,0.9800884955752212,0.5147058823529411,High School,Yes,Yes,Yes,0.554585152838428,0.7650375939849624,B,Low
443,Male,0.3157894736842105,0.6460176991150444,0.6911764705882353,Masters,Yes,No,Yes,0.8966521106259098,0.7218045112781956,B,Low
444,Female,0.34210526315789475,0.6725663716814161,0.4705882352941177,High School,Yes,Yes,No,0.7671033478893741,0.7368421052631579,B,Medium
445,Female,0.13157894736842107,0.8252212389380529,0.23529411764705882,Bachelors,Yes,Yes,Yes,0.7991266375545851,0.6372180451127821,B,Low
446,Male,0.21052631578947367,0.7190265486725664,0.3676470588235294,High School,Yes,No,No,0.5676855895196506,0.6221804511278196,C,Low
447,Male,0.19736842105263158,0.8783185840707963,0.8088235294117645,Bachelors,Yes,No,No,0.6200873362445416,0.6071428571428571,C,Low
448,Female,0.23684210526315785,0.7323008849557524,0.4852941176470588,High School,Yes,Yes,Yes,0.7379912663755459,0.7575187969924811,B,Low
449,Male,0.381578947368421,0.5331858407079648,0.4852941176470588,Bachelors,Yes,Yes,No,0.8355167394468705,0.825187969924812,A,Medium
450,Female,0.4473684210526315,0.747787610619469,0.4705882352941177,Bachelors,Yes,No,Yes,0.2227074235807861,0.33458646616541354,D,Medium
451,Female,0.6973684210526315,0.415929203539823,0.8676470588235292,Masters,No,Yes,No,0.33333333333333337,0.5845864661654138,C,High
452,Female,0.19736842105263158,0.6924778761061947,0.8235294117647058,High School,Yes,Yes,Yes,0.7918486171761281,0.6616541353383459,B,Low
453,Female,0.5921052631578947,0.6615044247787611,0.9264705882352942,High School,Yes,No,No,0.5152838427947599,0.8646616541353384,A,Medium
454,Female,0.35526315789473684,0.6216814159292037,0.49999999999999994,High School,No,No,No,0.445414847161572,0.7255639097744363,B,Medium
455,Male,0.381578947368421,0.6393805309734515,0.588235294117647,High School,Yes,Yes,No,0.34497816593886466,0.6372180451127821,B,Medium
456,Male,0.5263157894736842,0.25221238938053103,0.2647058823529412,High School,Yes,No,No,0.46579330422125176,0.4868421052631581,C,Medium
457,Female,0.17105263157894735,0.5464601769911506,0.7941176470588234,High School,Yes,No,Yes,0.3187772925764193,0.4135338345864662,D,Low
458,Female,0.4736842105263157,0.6880530973451329,0.3235294117647059,High School,No,Yes,No,0.9286754002911208,0.8101503759398497,B,Medium
459,Male,0.4210526315789474,0.7035398230088494,0.5735294117647058,Bachelors,No,No,No,0.5589519650655022,0.6860902255639098,B,Medium
460,Male,0.48684210526315785,0.4402654867256639,0.338235294117647,Masters,Yes,Yes,No,0.5531295487627366,0.7518796992481204,B,Medium
461,Female,0.4473684210526315,0.9491150442477876,0.4264705882352941,High School,Yes,Yes,Yes,0.6666666666666665,0.9661654135338346,A,Medium
462,Male,0.881578947368421,0.4756637168141593,0.3823529411764705,Bachelors,Yes,No,No,0.7307132459970889,1.0,A,High
463,Female,0.2631578947368421,0.8827433628318584,0.4264705882352941,Masters,Yes,Yes,Yes,0.7292576419213974,0.9078947368421052,A,Low
464,Male,0.2894736842105263,0.763274336283186,0.44117647058823534,Bachelors,Yes,Yes,No,0.7510917030567685,0.8778195488721804,A,Low
465,Female,0.27631578947368424,0.5243362831858407,0.4264705882352941,PhD,No,Yes,Yes,0.45269286754002913,0.3082706766917295,D,Low
466,Male,0.2894736842105263,1.0,0.6764705882352939,PhD,Yes,Yes,No,0.5109170305676857,1.0,A,Low
467,Female,0.2631578947368421,0.40486725663716805,0.338235294117647,High School,Yes,No,Yes,0.6972343522561864,0.569548872180451,C,Low
468,Male,0.631578947368421,0.8716814159292037,0.5735294117647058,Masters,Yes,No,No,0.47161572052401746,0.7894736842105262,B,High
469,Male,0.6710526315789473,0.8893805309734515,0.75,Bachelors,Yes,No,No,0.5618631732168851,1.0,A,High
470,Female,0.27631578947368424,0.5199115044247788,0.44117647058823534,High School,Yes,Yes,Yes,0.6331877729257642,0.8101503759398497,B,Low
471,Male,0.23684210526315785,0.9756637168141595,0.39705882352941174,Bachelors,Yes,Yes,No,0.7001455604075693,0.7669172932330827,B,Low
472,Female,0.48684210526315785,0.6128318584070798,0.4852941176470588,High School,No,Yes,Yes,0.2532751091703057,0.3984962406015039,D,Medium
473,Male,0.2894736842105263,0.7323008849557524,0.7352941176470587,Masters,No,Yes,No,0.6885007278020379,0.6654135338345865,B,Low
474,Female,0.5131578947368421,0.7256637168141593,0.5588235294117647,High School,Yes,Yes,No,0.522561863173217,0.8872180451127819,A,Medium
475,Male,0.43421052631578944,0.6393805309734515,0.44117647058823534,Bachelors,No,No,No,0.6870451237263464,0.8289473684210528,A,Medium
476,Female,0.09210526315789473,0.8473451327433628,0.6176470588235294,High School,Yes,No,No,0.6986899563318776,0.7180451127819548,B,Low
477,Male,0.6973684210526315,0.8429203539823011,0.338235294117647,PhD,Yes,No,Yes,0.8442503639010188,1.0,A,High
478,Female,0.75,0.2809734513274338,0.6470588235294117,High School,Yes,Yes,No,0.7991266375545851,1.0,A,High
479,Male,0.27631578947368424,0.9557522123893807,0.6029411764705881,Masters,Yes,No,Yes,0.7991266375545851,0.7631578947368421,B,Low
480,Female,0.3157894736842105,0.30088495575221264,0.4705882352941177,High School,No,Yes,No,0.8151382823871907,0.7142857142857143,B,Low
481,Female,0.4473684210526315,0.8960176991150441,0.3823529411764705,High School,Yes,Yes,No,0.6142649199417758,0.8026315789473685,B,Medium
482,Female,0.4605263157894737,0.918141592920354,0.3676470588235294,Bachelors,Yes,No,No,0.5691411935953421,0.8552631578947368,A,Medium
483,Male,0.5263157894736842,0.42699115044247793,0.6176470588235294,High School,Yes,No,Yes,0.7161572052401746,0.7481203007518796,B,Medium
484,Female,0.7894736842105263,0.5774336283185844,0.75,Masters,Yes,Yes,No,0.6914119359534205,1.0,A,High
485,Male,0.35526315789473684,0.4225663716814161,0.41176470588235287,High School,Yes,Yes,No,0.5094614264919941,0.543233082706767,C,Medium
486,Female,0.23684210526315785,0.6216814159292037,0.6176470588235294,Masters,Yes,Yes,Yes,0.6346433770014557,0.7612781954887217,B,Low
487,Male,0.11842105263157894,0.599557522123894,0.16176470588235287,High School,Yes,No,No,0.5574963609898107,0.3721804511278194,D,Low
488,Female,0.25,0.8407079646017701,0.4264705882352941,High School,Yes,Yes,No,0.41484716157205237,0.5131578947368419,C,Low
489,Male,0.39473684210526316,0.9579646017699113,0.5294117647058822,High School,Yes,No,No,0.7889374090247452,1.0,A,Medium
490,Male,0.75,0.9778761061946906,0.3676470588235294,High School,Yes,Yes,No,0.5735080058224162,1.0,A,High
491,Female,0.2894736842105263,0.5442477876106198,0.3676470588235294,High School,Yes,Yes,No,0.9213973799126636,0.5169172932330827,C,Low
492,Male,0.43421052631578944,0.6216814159292037,0.41176470588235287,High School,Yes,Yes,Yes,0.2794759825327511,0.45676691729323304,C,Medium
493,Male,0.39473684210526316,0.29646017699115057,0.588235294117647,Bachelors,Yes,Yes,No,0.46579330422125176,0.37406015037593987,D,Medium
494,Female,0.631578947368421,0.4889380530973453,0.49999999999999994,High School,Yes,Yes,Yes,0.5691411935953421,0.663533834586466,B,High
495,Male,0.894736842105263,0.8805309734513274,0.1323529411764705,Bachelors,Yes,No,No,0.7612809315866083,0.7838345864661654,B,High
496,Male,0.2894736842105263,1.0,0.16176470588235287,Bachelors,No,No,No,0.6331877729257642,0.6127819548872181,C,Low
497,Male,0.3026315789473684,0.39601769911504436,0.4264705882352941,PhD,Yes,No,No,0.6171761280931587,0.4548872180451128,C,Low
498,Female,0.6052631578947367,0.5376106194690264,0.6029411764705881,High School,Yes,No,No,0.3668122270742358,0.7255639097744363,B,High
499,Male,0.5263157894736842,0.6615044247787611,0.04411764705882354,Bachelors,No,No,Yes,0.3609898107714702,0.2819548872180452,D,Medium
500,Female,0.763157894736842,0.7300884955752212,0.44117647058823534,High School,Yes,No,No,0.6200873362445416,0.9924812030075186,A,High
501,Male,0.5131578947368421,0.4889380530973453,0.44117647058823534,High School,Yes,No,No,0.3245997088791849,0.550751879699248,C,Medium
502,Male,0.32894736842105265,0.7610619469026549,0.7794117647058822,High School,Yes,Yes,Yes,0.4701601164483261,0.8195488721804512,A,Low
503,Male,0.5131578947368421,0.5641592920353982,0.45588235294117646,High School,No,Yes,No,0.6506550218340612,0.8740601503759399,A,Medium
504,Female,0.618421052631579,0.6659292035398232,0.6029411764705881,High School,No,Yes,No,0.3915574963609898,0.7913533834586467,B,High
505,Male,0.5526315789473685,0.7898230088495577,0.5588235294117647,High School,Yes,Yes,No,0.8442503639010188,0.9812030075187971,A,Medium
506,Male,0.5,0.6703539823008848,0.14705882352941174,High School,Yes,Yes,Yes,0.777292576419214,1.0,A,Medium
507,Female,0.6052631578947367,0.570796460176991,0.6617647058823528,High School,Yes,No,No,0.28820960698689957,0.5206766917293234,C,High
508,Male,0.631578947368421,0.6438053097345136,0.5735294117647058,Masters,No,Yes,Yes,0.4002911208151383,0.4887218045112781,C,High
509,Female,0.6710526315789473,0.6482300884955752,0.6176470588235294,High School,No,Yes,Yes,0.16448326055312956,0.550751879699248,C,High
510,Female,0.5263157894736842,0.586283185840708,1.0,Bachelors,Yes,Yes,Yes,0.42649199417758377,0.9906015037593986,A,Medium
511,Male,0.35526315789473684,0.610619469026549,0.16176470588235287,High School,Yes,Yes,Yes,0.6972343522561864,0.6221804511278196,C,Medium
512,Female,0.4210526315789474,1.0,0.838235294117647,High School,Yes,Yes,Yes,0.4905385735080058,0.7781954887218047,B,Medium
513,Male,0.631578947368421,0.7920353982300883,0.4852941176470588,High School,Yes,Yes,No,0.6433770014556042,0.7913533834586467,B,High
514,Female,0.23684210526315785,0.6017699115044248,0.5735294117647058,High School,Yes,Yes,No,0.29694323144104806,0.5845864661654138,C,Low
515,Female,0.4736842105263157,0.8230088495575223,0.5147058823529411,Masters,Yes,Yes,Yes,0.7030567685589519,0.9473684210526315,A,Medium
516,Male,0.3157894736842105,0.595132743362832,0.45588235294117646,Bachelors,Yes,No,Yes,0.46579330422125176,0.6109022556390976,C,Low
517,Female,0.39473684210526316,0.9269911504424782,0.4264705882352941,High School,Yes,No,No,0.5647743813682677,0.7030075187969925,B,Medium
518,Female,0.6447368421052632,0.7500000000000002,0.588235294117647,High School,No,Yes,No,0.547307132459971,0.7424812030075189,B,High
519,Female,0.43421052631578944,0.6438053097345136,0.2647058823529412,High School,Yes,Yes,Yes,0.3406113537117904,0.3909774436090224,D,Medium
520,Female,0.40789473684210525,0.7676991150442478,0.6617647058823528,PhD,Yes,Yes,Yes,0.36244541484716164,0.6372180451127821,B,Medium
521,Female,0.13157894736842107,0.32079646017699126,0.45588235294117646,High School,Yes,No,Yes,0.7321688500727801,0.336466165413534,D,Low
522,Male,0.5394736842105262,0.41814159292035424,0.3235294117647059,PhD,No,Yes,Yes,0.6331877729257642,0.4699248120300751,C,Medium
523,Female,0.5263157894736842,0.40486725663716805,0.45588235294117646,High School,Yes,Yes,Yes,0.7467248908296942,0.7161654135338348,B,Medium
524,Male,0.8157894736842105,0.6991150442477878,0.75,Bachelors,Yes,No,No,0.6200873362445416,1.0,A,High
525,Female,0.32894736842105265,1.0,0.44117647058823534,Masters,Yes,Yes,Yes,0.5880640465793305,0.6691729323308272,B,Low
526,Male,0.43421052631578944,1.0,0.588235294117647,High School,Yes,Yes,No,0.2620087336244541,0.7612781954887217,B,Medium
527,Male,0.4473684210526315,0.8097345132743365,0.39705882352941174,High School,Yes,Yes,Yes,0.5167394468704511,0.7142857142857143,B,Medium
528,Female,0.7105263157894737,0.7787610619469028,0.6617647058823528,Masters,Yes,No,No,0.5589519650655022,0.9323308270676692,A,High
529,Female,0.381578947368421,0.26991150442477885,0.6470588235294117,PhD,No,No,No,0.9039301310043668,0.7048872180451128,B,Medium
530,Female,0.4473684210526315,0.5486725663716814,0.8529411764705881,High School,Yes,No,No,0.6826783114992723,0.7086466165413533,B,Medium
531,Male,0.5131578947368421,0.4933628318584071,0.49999999999999994,High School,Yes,Yes,No,0.8311499272197962,0.9003759398496242,A,Medium
532,Female,0.43421052631578944,0.5309734513274336,0.6470588235294117,High School,Yes,Yes,No,0.6681222707423582,0.8045112781954887,B,Medium
533,Male,0.3026315789473684,0.6305309734513274,0.5441176470588236,Bachelors,Yes,No,No,0.4395924308588064,0.40977443609022546,D,Low
534,Male,0.43421052631578944,0.5641592920353982,0.7647058823529411,Bachelors,Yes,No,No,0.5836972343522562,0.8646616541353384,A,Medium
535,Male,0.6052631578947367,0.23008849557522137,0.39705882352941174,Bachelors,Yes,Yes,No,0.6040756914119358,0.6372180451127821,B,High
536,Female,0.19736842105263158,0.834070796460177,0.6617647058823528,High School,Yes,No,No,0.39883551673944695,0.5789473684210525,C,Low
537,Female,0.4210526315789474,0.43141592920353977,0.49999999999999994,Masters,Yes,Yes,No,0.4963609898107716,0.7687969924812031,B,Medium
538,Male,0.25,0.7212389380530975,0.5147058823529411,High School,Yes,Yes,No,0.5269286754002911,0.7368421052631579,B,Low
539,Male,0.631578947368421,1.0,0.5441176470588236,High School,Yes,No,No,0.8442503639010188,1.0,A,High
540,Female,0.09210526315789473,0.46460176991150437,0.5735294117647058,Bachelors,Yes,Yes,Yes,0.19941775836972342,0.19736842105263153,F,Low
541,Male,0.2894736842105263,0.10840707964601792,0.5147058823529411,Masters,No,No,Yes,0.7743813682678311,0.5413533834586465,C,Low
542,Female,0.4736842105263157,0.6039823008849556,0.5735294117647058,Masters,Yes,Yes,No,0.4002911208151383,0.7612781954887217,B,Medium
543,Male,0.6973684210526315,0.9115044247787609,0.8088235294117645,Bachelors,Yes,Yes,Yes,0.3231441048034934,0.7894736842105262,B,High
544,Female,0.381578947368421,1.0,0.7058823529411764,High School,Yes,No,No,0.770014556040757,0.8458646616541353,A,Medium
545,Male,0.2894736842105263,0.39601769911504436,0.6764705882352939,Bachelors,Yes,No,Yes,0.6914119359534205,0.36090225563909784,D,Low
546,Female,0.763157894736842,0.7787610619469028,0.45588235294117646,High School,Yes,Yes,No,0.7831149927219796,1.0,A,High
547,Male,0.10526315789473685,0.5641592920353982,0.3676470588235294,Bachelors,No,Yes,No,0.7030567685589519,0.45676691729323304,C,Low
548,Female,0.0,0.6438053097345136,0.6911764705882353,Bachelors,Yes,No,No,0.9228529839883552,0.7894736842105262,B,Low
549,Female,0.48684210526315785,1.0,0.6911764705882353,High School,Yes,Yes,No,0.6608442503639012,1.0,A,Medium
550,Male,0.2894736842105263,0.33628318584070804,0.7941176470588234,High School,Yes,No,No,0.5356622998544395,0.7218045112781956,B,Low
551,Male,0.19736842105263158,0.7234513274336285,0.4264705882352941,High School,Yes,No,No,0.6229985443959243,0.5375939849624062,C,Low
552,Female,0.5394736842105262,0.7721238938053099,0.4852941176470588,High School,Yes,Yes,No,0.7802037845705969,1.0,A,Medium
553,Male,0.4473684210526315,0.9092920353982303,0.23529411764705882,Bachelors,Yes,Yes,Yes,0.42649199417758377,0.6033834586466166,C,Medium
554,Female,0.2894736842105263,0.6902654867256639,0.45588235294117646,High School,Yes,Yes,No,0.44978165938864634,0.6879699248120302,B,Low
555,Male,0.14473684210526316,0.736725663716814,0.7058823529411764,High School,No,No,No,0.5094614264919941,0.31203007518797,D,Low
556,Female,0.5657894736842105,0.581858407079646,0.44117647058823534,Bachelors,Yes,Yes,No,0.19505094614264928,0.6372180451127821,B,Medium
557,Female,0.5263157894736842,0.7278761061946903,0.6470588235294117,High School,Yes,Yes,No,0.5880640465793305,0.6390977443609022,B,Medium
558,Female,0.381578947368421,0.5929203539823009,0.49999999999999994,High School,Yes,Yes,No,0.23435225618631728,0.4943609022556391,C,Medium
559,Female,0.763157894736842,0.8053097345132745,0.588235294117647,Masters,Yes,No,Yes,0.5720524017467248,0.9962406015037594,A,High
560,Female,0.18421052631578944,0.586283185840708,0.3235294117647059,High School,Yes,Yes,Yes,0.7147016011644833,0.5018796992481204,C,Low
561,Female,0.09210526315789473,0.752212389380531,0.5441176470588236,High School,Yes,Yes,No,0.48034934497816595,0.4022556390977444,D,Low
562,Male,0.2631578947368421,0.6615044247787611,0.0,Bachelors,No,No,No,0.8558951965065502,0.6973684210526317,B,Low
563,Male,0.381578947368421,0.918141592920354,0.49999999999999994,Masters,No,No,No,0.30858806404657935,0.5357142857142857,C,Medium
564,Male,0.4473684210526315,0.6570796460176993,0.23529411764705882,High School,No,No,Yes,0.7714701601164482,0.5996240601503761,C,Medium
565,Female,0.34210526315789475,0.2765486725663717,0.7352941176470587,Bachelors,Yes,Yes,No,0.6812227074235806,0.6766917293233082,B,Medium
566,Female,0.4605263157894737,0.9469026548672566,0.6617647058823528,High School,Yes,Yes,No,0.26346433770014555,1.0,A,Medium
567,Female,0.14473684210526316,0.4668141592920356,0.6176470588235294,High School,Yes,No,No,1.0,0.8609022556390976,A,Low
568,Female,0.6842105263157895,0.5243362831858407,0.7941176470588234,High School,Yes,Yes,Yes,0.5516739446870451,0.9830827067669171,A,High
569,Male,0.381578947368421,0.5353982300884956,0.3676470588235294,High School,Yes,No,Yes,0.4104803493449781,0.5526315789473685,C,Medium
570,Male,0.618421052631579,0.9712389380530975,0.838235294117647,PhD,Yes,No,Yes,0.31732168850072784,0.8289473684210528,A,High
571,Female,0.4605263157894737,0.19469026548672574,0.6911764705882353,Bachelors,Yes,Yes,Yes,0.5254730713245997,0.3101503759398495,D,Medium
572,Male,0.48684210526315785,1.0,0.4852941176470588,Masters,Yes,No,Yes,0.5414847161572053,0.7180451127819548,B,Medium
573,Male,0.5131578947368421,0.9026548672566372,0.7352941176470587,High School,Yes,No,Yes,0.5807860262008735,0.7875939849624062,B,Medium
574,Female,0.48684210526315785,0.7168141592920356,0.338235294117647,High School,Yes,Yes,No,0.5109170305676857,0.5357142857142857,C,Medium
575,Male,0.5263157894736842,0.6570796460176993,0.3823529411764705,High School,Yes,Yes,No,0.6739446870451236,0.7161654135338348,B,Medium
576,Female,0.6578947368421052,0.7323008849557524,0.4264705882352941,Bachelors,Yes,Yes,No,0.49490538573508003,0.6447368421052632,B,High
577,Male,0.43421052631578944,0.7831858407079648,0.44117647058823534,Bachelors,Yes,Yes,Yes,0.22561863173216878,0.5413533834586465,C,Medium
578,Female,0.5394736842105262,0.8119469026548671,0.338235294117647,High School,Yes,Yes,No,0.537117903930131,0.9154135338345865,A,Medium
579,Female,0.381578947368421,0.7920353982300883,0.75,Bachelors,Yes,No,No,0.14992721979621548,0.6860902255639098,B,Medium
580,Female,0.6842105263157895,0.6880530973451329,0.4852941176470588,Masters,Yes,No,Yes,0.6244541484716157,0.9191729323308272,A,High
581,Female,0.2631578947368421,0.6238938053097347,0.588235294117647,Bachelors,Yes,Yes,No,0.3915574963609898,0.443609022556391,C,Low
582,Male,0.75,0.6349557522123894,0.4264705882352941,High School,Yes,Yes,Yes,0.5924308588064047,0.674812030075188,B,High
583,Female,0.381578947368421,0.6261061946902655,0.20588235294117635,High School,Yes,No,No,0.7933042212518195,0.56203007518797,C,Medium
584,Female,0.11842105263157894,0.918141592920354,0.5735294117647058,High School,Yes,Yes,No,0.3973799126637555,0.40601503759398516,D,Low
585,Female,0.4210526315789474,0.7986725663716818,0.19117647058823523,High School,Yes,No,No,0.7481804949053859,0.7105263157894736,B,Medium
586,Male,0.2631578947368421,0.017699115044247815,0.5147058823529411,Bachelors,Yes,Yes,No,0.487627365356623,0.3928571428571429,D,Low
587,Female,0.5657894736842105,0.8141592920353982,0.29411764705882354,Bachelors,No,Yes,No,0.8689956331877728,0.7969924812030075,B,Medium
588,Male,0.2631578947368421,0.7101769911504427,0.8823529411764703,Masters,Yes,Yes,No,0.49927219796215416,0.7180451127819548,B,Low
589,Female,0.3026315789473684,0.663716814159292,0.6911764705882353,Bachelors,Yes,No,No,0.4163027656477438,0.5733082706766918,C,Low
590,Male,0.02631578947368421,0.581858407079646,0.5441176470588236,Masters,Yes,Yes,Yes,0.6826783114992723,0.47744360902255656,C,Low
591,Male,0.3026315789473684,0.915929203539823,0.75,High School,Yes,No,Yes,0.487627365356623,0.793233082706767,B,Low
592,Female,0.0,0.8783185840707963,0.3823529411764705,Bachelors,Yes,Yes,No,0.4163027656477438,0.3082706766917295,D,Low
593,Male,0.07894736842105264,0.49778761061946897,0.6323529411764706,Masters,Yes,Yes,No,0.48034934497816595,0.49624060150375937,C,Low
594,Female,0.5394736842105262,0.7588495575221239,0.5588235294117647,High School,No,Yes,No,0.5560407569141192,0.7556390977443609,B,Medium
595,Female,0.5526315789473685,0.45353982300884965,0.5735294117647058,High School,Yes,No,Yes,0.7976710334788937,0.7838345864661654,B,Medium
596,Female,0.4736842105263157,0.36283185840707977,0.75,PhD,Yes,No,No,0.22561863173216878,0.6315789473684211,B,Medium
597,Male,0.19736842105263158,0.5287610619469028,0.6617647058823528,High School,Yes,Yes,Yes,0.5676855895196506,0.6278195488721806,B,Low
598,Male,0.381578947368421,0.8584070796460175,0.5735294117647058,Masters,No,Yes,No,0.6724890829694323,0.6409774436090226,B,Medium
599,Female,0.39473684210526316,0.8783185840707963,0.23529411764705882,High School,Yes,Yes,No,0.5967976710334788,0.7443609022556391,B,Medium
600,Female,0.17105263157894735,0.7809734513274336,0.35294117647058815,Masters,Yes,Yes,No,0.7918486171761281,0.7424812030075189,B,Low
601,Male,0.6973684210526315,0.829646017699115,0.5147058823529411,High School,Yes,Yes,Yes,0.5502183406113537,0.8759398496240604,A,High
602,Female,0.5657894736842105,0.7831858407079648,0.5441176470588236,High School,Yes,No,No,0.5312954876273653,0.9078947368421052,A,Medium
603,Female,0.35526315789473684,0.5265486725663717,0.3235294117647059,Bachelors,Yes,No,No,0.6666666666666665,0.6973684210526317,B,Medium
604,Female,0.39473684210526316,0.763274336283186,0.9558823529411764,High School,Yes,Yes,No,0.5807860262008735,1.0,A,Medium
605,Male,0.43421052631578944,0.8451327433628317,0.7941176470588234,Bachelors,Yes,Yes,No,0.49490538573508003,0.6409774436090226,B,Medium
606,Male,0.0,0.834070796460177,0.6323529411764706,High School,Yes,No,No,0.6535662299854439,0.5563909774436092,C,Low
607,Male,0.34210526315789475,0.9314159292035402,0.5441176470588236,High School,No,No,No,0.44978165938864634,0.5037593984962406,C,Medium
608,Female,0.2631578947368421,0.8252212389380529,0.4852941176470588,High School,Yes,Yes,No,0.4570596797671034,0.699248120300752,B,Low
609,Female,0.19736842105263158,0.7455752212389382,0.3676470588235294,High School,No,Yes,Yes,0.47161572052401746,0.22180451127819556,F,Low
610,Female,0.34210526315789475,0.9048672566371683,0.5441176470588236,High School,Yes,Yes,No,0.7991266375545851,0.9304511278195488,A,Medium
611,Male,0.75,0.6615044247787611,0.5735294117647058,High School,Yes,Yes,No,0.0,0.6015037593984963,C,High
612,Female,0.5263157894736842,0.4734513274336285,0.30882352941176466,Bachelors,Yes,Yes,Yes,0.6317321688500728,0.6203007518796991,C,Medium
613,Female,0.27631578947368424,0.6327433628318586,0.588235294117647,High School,Yes,Yes,Yes,0.5691411935953421,0.43609022556390975,C,Low
614,Female,0.5131578947368421,0.5044247787610618,0.49999999999999994,High School,Yes,No,No,0.26928675400291113,0.5300751879699249,C,Medium
615,Female,0.6710526315789473,0.517699115044248,0.19117647058823523,High School,Yes,Yes,Yes,0.6171761280931587,0.9060150375939849,A,High
616,Male,0.5789473684210527,0.6371681415929202,0.3823529411764705,High School,Yes,Yes,No,0.6462882096069869,0.8571428571428573,A,Medium
617,Male,0.40789473684210525,0.4933628318584071,0.45588235294117646,High School,Yes,Yes,Yes,0.6666666666666665,0.7443609022556391,B,Medium
618,Female,0.2631578947368421,0.599557522123894,0.8676470588235292,High School,Yes,No,No,0.10043668122270744,0.6071428571428571,C,Low
619,Male,0.5263157894736842,0.25,0.6323529411764706,Masters,Yes,No,No,0.802037845705968,0.8402255639097745,A,Medium
620,Male,0.4736842105263157,0.7146017699115044,0.29411764705882354,Bachelors,Yes,Yes,No,0.4337700145560408,0.6296992481203006,B,Medium
621,Female,0.5657894736842105,0.668141592920354,0.6176470588235294,PhD,Yes,Yes,No,0.6826783114992723,0.9680451127819548,A,Medium
622,Female,0.5263157894736842,0.48672566371681425,0.25000000000000006,Bachelors,No,No,No,0.6928675400291122,0.6109022556390976,C,Medium
623,Male,0.6052631578947367,0.8141592920353982,0.7205882352941175,Bachelors,Yes,Yes,No,0.4104803493449781,0.8026315789473685,B,High
624,Female,0.2894736842105263,0.8761061946902657,0.44117647058823534,High School,Yes,Yes,Yes,0.6783114992721981,0.543233082706767,C,Low
625,Male,0.6578947368421052,0.3119469026548676,0.5147058823529411,High School,Yes,Yes,Yes,0.4963609898107716,0.8045112781954887,B,High
626,Female,0.43421052631578944,0.5000000000000002,0.7647058823529411,High School,Yes,Yes,Yes,0.20087336244541487,0.4548872180451128,C,Medium
627,Male,0.8026315789473684,0.49778761061946897,0.30882352941176466,High School,No,Yes,No,0.7671033478893741,0.9398496240601503,A,High
628,Female,0.2631578947368421,0.4601769911504425,0.2794117647058823,Bachelors,Yes,No,Yes,0.4279475982532751,0.28383458646616544,D,Low
629,Male,0.7368421052631579,0.8517699115044248,0.4264705882352941,Masters,Yes,No,Yes,0.41339155749636103,0.8853383458646619,A,High
630,Male,0.43421052631578944,0.6261061946902655,0.7058823529411764,High School,Yes,Yes,No,0.4934497816593887,0.6484962406015037,B,Medium
631,Male,0.2631578947368421,0.610619469026549,0.2647058823529412,High School,Yes,No,No,0.6113537117903929,0.5789473684210525,C,Low
632,Female,0.3026315789473684,0.2256637168141593,0.029411764705882304,Masters,No,Yes,No,0.5531295487627366,0.46240601503759404,C,Low
633,Male,0.32894736842105265,0.8097345132743365,0.45588235294117646,Bachelors,Yes,Yes,Yes,0.6593886462882095,0.8007518796992482,B,Low
634,Male,0.4736842105263157,0.39380530973451333,0.6323529411764706,PhD,Yes,No,Yes,0.3289665211062591,0.5169172932330827,C,Medium
635,Female,0.5,0.6814159292035398,0.7352941176470587,High School,Yes,No,No,0.4337700145560408,0.5488721804511277,C,Medium
636,Female,0.27631578947368424,0.7300884955752212,0.44117647058823534,High School,Yes,Yes,Yes,0.5429403202328966,0.9304511278195488,A,Low
637,Male,0.39473684210526316,0.9690265486725664,0.45588235294117646,Bachelors,Yes,Yes,No,0.8951965065502183,1.0,A,Medium
638,Male,0.8157894736842105,0.37831858407079677,0.7352941176470587,High School,Yes,No,No,0.5429403202328966,0.9981203007518799,A,High
639,Female,0.7368421052631579,0.0,0.20588235294117635,Masters,Yes,No,No,0.75254730713246,0.6954887218045113,B,High
640,Female,0.48684210526315785,0.7079646017699115,0.45588235294117646,High School,No,No,Yes,0.5705967976710336,0.6127819548872181,C,Medium
641,Female,0.40789473684210525,1.0,0.5588235294117647,Bachelors,Yes,Yes,No,0.4788937409024746,0.7368421052631579,B,Medium
642,Female,0.4210526315789474,0.9424778761061949,0.6029411764705881,High School,Yes,Yes,No,0.519650655021834,0.9605263157894738,A,Medium
643,Female,0.5131578947368421,0.7146017699115044,0.44117647058823534,High School,Yes,Yes,No,0.5342066957787481,0.8214285714285715,A,Medium
644,Male,0.19736842105263158,0.5597345132743363,0.5294117647058822,Bachelors,No,Yes,No,0.6681222707423582,0.443609022556391,C,Low
645,Female,0.34210526315789475,0.8473451327433628,0.08823529411764702,Bachelors,Yes,No,Yes,0.8034934497816595,0.6785714285714287,B,Medium
646,Male,0.06578947368421052,0.45353982300884965,0.41176470588235287,Bachelors,Yes,Yes,Yes,0.6259097525473072,0.5394736842105264,C,Low
647,Male,0.4736842105263157,0.7743362831858407,0.6029411764705881,High School,Yes,Yes,No,0.770014556040757,1.0,A,Medium
648,Male,0.5263157894736842,0.7809734513274336,0.35294117647058815,Bachelors,Yes,No,No,0.3944687045123726,0.8872180451127819,A,Medium
649,Female,0.3026315789473684,0.9026548672566372,0.5441176470588236,Masters,Yes,Yes,No,0.4905385735080058,0.7913533834586467,B,Low
650,Male,0.7105263157894737,1.0,0.6029411764705881,Masters,Yes,Yes,No,0.4366812227074235,0.9492481203007518,A,High
651,Male,0.15789473684210525,0.7544247787610621,0.4705882352941177,High School,Yes,No,No,0.6186317321688499,0.23872180451127833,F,Low
652,Female,0.10526315789473685,0.5553097345132745,0.5588235294117647,Bachelors,Yes,No,No,0.5007278020378457,0.49812030075187963,C,Low
653,Male,0.43421052631578944,0.6615044247787611,0.35294117647058815,Masters,Yes,No,No,0.6914119359534205,0.7744360902255639,B,Medium
654,Male,0.6052631578947367,0.2765486725663717,0.49999999999999994,Bachelors,No,Yes,Yes,0.4002911208151383,0.5263157894736842,C,High
655,Female,0.7236842105263158,0.5154867256637168,0.6323529411764706,Masters,No,No,No,0.5705967976710336,0.8101503759398497,B,High
656,Male,0.3026315789473684,0.5774336283185844,0.5588235294117647,High School,Yes,No,Yes,0.6826783114992723,0.4849624060150376,C,Low
657,Male,0.6052631578947367,0.5530973451327434,0.4264705882352941,Bachelors,Yes,Yes,No,0.20232896652110632,0.6917293233082705,B,High
658,Male,0.381578947368421,0.7013274336283186,0.5735294117647058,Masters,Yes,Yes,No,0.9344978165938864,1.0,A,Medium
659,Female,0.35526315789473684,0.48672566371681425,0.6617647058823528,Masters,Yes,No,No,0.5138282387190684,0.7048872180451128,B,Medium
660,Female,0.5657894736842105,0.915929203539823,0.16176470588235287,Masters,Yes,Yes,Yes,0.20960698689956336,0.7255639097744363,B,Medium
661,Female,0.5263157894736842,0.668141592920354,0.7352941176470587,Bachelors,Yes,No,No,0.5909752547307132,0.9097744360902257,A,Medium
662,Male,0.07894736842105264,0.6659292035398232,0.4705882352941177,High School,Yes,Yes,Yes,0.5691411935953421,0.4172932330827067,D,Low
663,Male,0.6842105263157895,0.595132743362832,0.6029411764705881,Bachelors,Yes,Yes,No,0.5487627365356622,0.8909774436090226,A,High
664,Female,0.6710526315789473,0.7035398230088494,0.7352941176470587,Masters,Yes,Yes,Yes,0.7365356622998545,0.9943609022556391,A,High
665,Male,0.27631578947368424,0.8517699115044248,0.29411764705882354,Bachelors,Yes,No,No,0.6943231441048034,0.7330827067669173,B,Low
666,Male,0.4736842105263157,0.4756637168141593,0.39705882352941174,Masters,Yes,Yes,No,0.6157205240174672,0.8439849624060151,A,Medium
667,Female,0.48684210526315785,0.5221238938053099,0.4852941176470588,Bachelors,Yes,Yes,No,0.6419213973799127,0.8533834586466166,A,Medium
668,Female,0.4473684210526315,0.6017699115044248,0.39705882352941174,Bachelors,Yes,No,No,0.5443959243085881,0.9304511278195488,A,Medium
669,Male,0.2894736842105263,0.36946902654867264,0.838235294117647,High School,Yes,No,Yes,0.8733624454148472,0.9548872180451128,A,Low
670,Male,0.2631578947368421,0.48672566371681425,0.3823529411764705,Masters,Yes,No,Yes,0.3042212518195051,0.3684210526315791,D,Low
671,Male,0.39473684210526316,0.5619469026548674,0.4264705882352941,Bachelors,Yes,Yes,No,0.5880640465793305,0.26315789473684215,D,Medium
672,Female,0.631578947368421,0.860619469026549,0.5588235294117647,High School,No,Yes,No,0.5749636098981077,0.9962406015037594,A,High
673,Female,0.5,0.7256637168141593,0.3235294117647059,High School,Yes,No,Yes,0.7059679767103348,0.7218045112781956,B,Medium
674,Female,0.3157894736842105,0.7101769911504427,0.45588235294117646,Masters,Yes,No,No,0.4163027656477438,0.49624060150375937,C,Low
675,Female,0.5526315789473685,0.8561946902654869,0.588235294117647,Bachelors,Yes,Yes,No,0.2590975254730713,0.6954887218045113,B,Medium
676,Male,0.0,0.6371681415929202,0.4705882352941177,High School,No,Yes,Yes,0.5909752547307132,0.27255639097744366,D,Low
677,Female,0.618421052631579,0.7544247787610621,0.5147058823529411,High School,No,No,Yes,0.6128093158660846,0.8233082706766915,A,High
678,Female,0.05263157894736842,0.6460176991150444,0.44117647058823534,Masters,Yes,Yes,Yes,0.8238719068413392,0.3928571428571429,D,Low
679,Female,0.32894736842105265,0.7278761061946903,0.2647058823529412,High School,No,No,No,0.34206695778748175,0.3157894736842105,D,Low
680,Female,0.17105263157894735,0.5398230088495577,0.588235294117647,Bachelors,Yes,Yes,No,0.7656477438136828,0.701127819548872,B,Low
681,Female,0.14473684210526316,0.12831858407079655,0.838235294117647,Bachelors,Yes,Yes,No,0.9767103347889374,0.7406015037593986,B,Low
682,Male,0.618421052631579,0.6393805309734515,0.5294117647058822,PhD,Yes,No,No,0.49781659388646293,0.8853383458646619,A,High
683,Male,0.3026315789473684,0.9823008849557522,0.5735294117647058,Bachelors,Yes,Yes,Yes,0.3377001455604076,0.5093984962406016,C,Low
684,Female,0.4605263157894737,0.8738938053097347,0.6470588235294117,Masters,No,Yes,No,0.4919941775836971,0.6109022556390976,C,Medium
685,Male,0.381578947368421,0.8827433628318584,0.30882352941176466,High School,Yes,Yes,No,0.5662299854439592,0.6954887218045113,B,Medium
686,Female,0.48684210526315785,0.9424778761061949,0.8235294117647058,Bachelors,No,Yes,Yes,0.6622998544395924,0.8439849624060151,A,Medium
687,Female,0.40789473684210525,0.6880530973451329,0.5588235294117647,High School,Yes,No,No,0.45997088791848617,0.8439849624060151,A,Medium
688,Male,0.14473684210526316,0.7123893805309736,0.8235294117647058,High School,Yes,No,No,0.8355167394468705,0.5187969924812031,C,Low
689,Male,0.5921052631578947,0.5309734513274336,0.39705882352941174,High School,Yes,No,No,0.3682678311499272,0.6522556390977444,B,Medium
690,Female,0.3026315789473684,0.5973451327433628,0.8529411764705881,High School,Yes,Yes,No,0.2590975254730713,0.3928571428571429,D,Low
691,Female,0.09210526315789473,0.8053097345132745,0.6617647058823528,High School,Yes,Yes,Yes,0.7569141193595341,0.4548872180451128,C,Low
692,Female,0.3157894736842105,0.9336283185840708,0.6323529411764706,High School,Yes,Yes,Yes,0.16593886462882101,0.6221804511278196,C,Low
693,Male,0.6973684210526315,0.6371681415929202,0.5735294117647058,Masters,No,No,No,0.5283842794759824,0.8533834586466166,A,High
694,Female,0.5657894736842105,0.5685840707964602,0.4852941176470588,Masters,Yes,No,Yes,1.0,1.0,A,Medium
695,Female,0.32894736842105265,0.668141592920354,0.7352941176470587,Bachelors,Yes,No,No,0.5618631732168851,0.8045112781954887,B,Low
696,Female,0.32894736842105265,0.8008849557522124,0.5588235294117647,High School,Yes,Yes,No,0.3682678311499272,0.5770676691729323,C,Low
697,Male,0.32894736842105265,0.3495575221238938,0.1764705882352941,Masters,Yes,Yes,No,0.5531295487627366,0.4849624060150376,C,Low
698,Female,0.8026315789473684,0.15929203539823011,0.338235294117647,Bachelors,No,Yes,No,0.554585152838428,0.9605263157894738,A,High
699,Female,0.4736842105263157,0.5464601769911506,0.49999999999999994,Masters,Yes,Yes,No,0.5909752547307132,0.7274436090225563,B,Medium
700,Male,0.4736842105263157,0.3982300884955752,0.588235294117647,Masters,Yes,Yes,No,0.6783114992721981,0.8515037593984961,A,Medium
701,Female,0.5921052631578947,0.5553097345132745,0.5147058823529411,High School,Yes,No,No,0.38136826783114997,0.7086466165413533,B,Medium
702,Female,0.4473684210526315,0.6349557522123894,0.75,Bachelors,Yes,Yes,Yes,0.8588064046579329,0.6766917293233082,B,Medium
703,Male,0.34210526315789475,0.5685840707964602,0.19117647058823523,High School,Yes,Yes,Yes,0.6055312954876275,0.34962406015037606,D,Medium
704,Female,0.35526315789473684,0.9889380530973453,0.5588235294117647,Bachelors,Yes,Yes,No,0.6899563318777293,0.8045112781954887,B,Medium
705,Male,0.381578947368421,0.7411504424778761,0.20588235294117635,High School,Yes,No,Yes,0.4541484716157205,0.682330827067669,B,Medium
706,Male,0.381578947368421,0.7345132743362832,0.6617647058823528,PhD,Yes,No,Yes,0.787481804949054,0.8909774436090226,A,Medium
707,Female,0.5394736842105262,0.8053097345132745,0.5147058823529411,High School,Yes,No,Yes,0.5181950509461427,0.8665413533834588,A,Medium
708,Female,0.40789473684210525,0.415929203539823,0.6029411764705881,High School,Yes,No,No,0.6113537117903929,0.569548872180451,C,Medium
709,Female,0.5394736842105262,0.8982300884955756,0.3823529411764705,Masters,Yes,Yes,No,0.4002911208151383,0.9680451127819548,A,Medium
710,Female,0.381578947368421,0.6504424778761064,0.75,Bachelors,Yes,No,Yes,0.388646288209607,0.4755639097744361,C,Medium
711,Male,0.40789473684210525,0.8163716814159292,0.7205882352941175,Bachelors,Yes,Yes,No,0.6841339155749635,0.8984962406015037,A,Medium
712,Female,0.0,0.43141592920353977,0.6323529411764706,Bachelors,Yes,Yes,No,0.48617176128093165,0.3815789473684209,D,Low
713,Male,0.5789473684210527,0.3252212389380531,0.49999999999999994,PhD,No,No,Yes,0.41484716157205237,0.47744360902255656,C,Medium
714,Female,0.4605263157894737,0.8495575221238938,0.6323529411764706,High School,Yes,No,No,0.4512372634643377,0.9172932330827067,A,Medium
715,Female,0.5921052631578947,0.752212389380531,0.41176470588235287,PhD,Yes,Yes,No,0.6855895196506552,0.8477443609022558,A,Medium
716,Female,0.0,0.46902654867256643,0.6764705882352939,High School,No,Yes,No,0.4541484716157205,0.13721804511278213,F,Low
717,Male,0.8026315789473684,0.4756637168141593,0.8235294117647058,Masters,Yes,Yes,No,0.5429403202328966,0.9718045112781956,A,High
718,Female,0.3684210526315789,0.918141592920354,0.7205882352941175,Masters,Yes,Yes,Yes,0.5662299854439592,0.7180451127819548,B,Medium
719,Female,0.618421052631579,0.40486725663716805,0.39705882352941174,High School,Yes,Yes,No,0.2285298398835517,0.9830827067669171,A,High
720,Female,0.18421052631578944,1.0,0.588235294117647,Bachelors,Yes,Yes,Yes,0.30567685589519644,0.5902255639097745,C,Low
721,Female,0.5131578947368421,0.46902654867256643,0.29411764705882354,High School,Yes,Yes,No,0.6215429403202328,0.6954887218045113,B,Medium
722,Male,0.18421052631578944,0.8097345132743365,0.6323529411764706,Masters,Yes,No,No,0.43522561863173226,0.449248120300752,C,Low
723,Female,0.27631578947368424,0.595132743362832,0.6029411764705881,Bachelors,No,Yes,No,0.7481804949053859,0.4342105263157897,D,Low
724,Male,0.7763157894736842,0.8008849557522124,0.20588235294117635,Bachelors,Yes,Yes,Yes,0.7321688500727801,0.8815789473684211,A,High
725,Male,0.35526315789473684,0.5486725663716814,0.3235294117647059,High School,Yes,Yes,No,0.6885007278020379,0.7161654135338348,B,Medium
726,Male,0.43421052631578944,0.6327433628318586,0.4852941176470588,High School,Yes,No,No,0.8806404657933042,1.0,A,Medium
727,Male,0.5657894736842105,0.6769911504424782,0.4705882352941177,High School,Yes,Yes,No,0.5487627365356622,0.9530075187969925,A,Medium
728,Male,0.48684210526315785,0.4469026548672568,0.30882352941176466,High School,Yes,Yes,No,0.6768558951965065,0.7744360902255639,B,Medium
729,Male,0.4210526315789474,0.8318584070796464,0.6029411764705881,Bachelors,Yes,Yes,No,0.4614264919941776,0.7180451127819548,B,Medium
730,Female,0.4605263157894737,0.5553097345132745,0.5735294117647058,PhD,Yes,No,No,0.9912663755458515,0.9793233082706768,A,Medium
731,Male,0.8684210526315789,0.6172566371681418,0.49999999999999994,Masters,Yes,No,No,0.9097525473071324,1.0,A,High
732,Male,0.381578947368421,0.4491150442477876,0.39705882352941174,Bachelors,No,No,No,0.5647743813682677,0.7180451127819548,B,Medium
733,Male,0.43421052631578944,0.10176991150442483,0.7205882352941175,High School,No,No,No,0.6302765647743813,0.5169172932330827,C,Medium
734,Female,0.6052631578947367,0.6261061946902655,0.8235294117647058,Masters,Yes,No,No,0.8005822416302766,0.9924812030075186,A,High
735,Female,0.618421052631579,1.0,0.44117647058823534,High School,Yes,No,Yes,0.537117903930131,0.6203007518796991,C,High
736,Male,0.631578947368421,0.8407079646017701,0.4264705882352941,Bachelors,Yes,Yes,No,0.4483260553129549,0.8364661654135338,A,High
737,Female,0.5263157894736842,0.663716814159292,0.6176470588235294,High School,No,Yes,No,0.7161572052401746,0.9060150375939849,A,Medium
738,Male,0.17105263157894735,0.610619469026549,0.4705882352941177,High School,Yes,No,Yes,0.5764192139737991,0.3721804511278194,D,Low
739,Male,0.7236842105263158,0.6725663716814161,0.49999999999999994,Masters,Yes,Yes,No,0.5953420669577876,0.8703007518796991,A,High
740,Female,0.17105263157894735,0.7898230088495577,0.6617647058823528,High School,Yes,Yes,No,0.4177583697234353,0.6578947368421052,B,Low
741,Male,0.4605263157894737,0.4070796460176993,0.19117647058823523,High School,Yes,No,No,0.26346433770014555,0.3026315789473685,D,Medium
742,Female,0.25,0.913716814159292,0.7647058823529411,Bachelors,Yes,Yes,No,0.6040756914119358,0.8872180451127819,A,Low
743,Female,0.381578947368421,0.8274336283185844,0.5441176470588236,Bachelors,Yes,No,Yes,0.7219796215429404,0.7180451127819548,B,Medium
744,Male,0.4605263157894737,0.8274336283185844,0.45588235294117646,Bachelors,Yes,No,Yes,0.5240174672489083,0.6691729323308272,B,Medium
745,Male,0.4605263157894737,0.765486725663717,0.5147058823529411,High School,Yes,Yes,No,0.8136826783114992,0.8026315789473685,B,Medium
746,Female,0.4736842105263157,0.6725663716814161,0.5294117647058822,Bachelors,Yes,No,Yes,0.44104803493449785,0.6860902255639098,B,Medium
747,Male,0.7105263157894737,0.8163716814159292,0.2205882352941177,Bachelors,Yes,Yes,Yes,0.37845705967976706,1.0,A,High
748,Male,0.48684210526315785,0.7986725663716818,0.7941176470588234,High School,No,Yes,No,0.5516739446870451,0.8571428571428573,A,Medium
749,Male,0.34210526315789475,0.5907079646017701,0.5294117647058822,Masters,Yes,Yes,No,0.5487627365356622,0.5676691729323308,C,Medium
750,Female,0.5789473684210527,0.5420353982300885,0.6029411764705881,High School,No,No,No,0.6972343522561864,0.9078947368421052,A,Medium
751,Female,0.631578947368421,0.6902654867256639,0.6911764705882353,Masters,Yes,No,No,0.4279475982532751,0.7894736842105262,B,High
752,Male,0.15789473684210525,1.0,0.35294117647058815,Bachelors,Yes,Yes,Yes,0.802037845705968,0.8721804511278196,A,Low
753,Female,0.5131578947368421,0.39380530973451333,0.6176470588235294,High School,Yes,No,Yes,0.9068413391557495,0.9323308270676692,A,Medium
754,Female,0.5394736842105262,0.3429203539823009,0.4852941176470588,Masters,Yes,Yes,No,0.5560407569141192,0.3834586466165414,D,Medium
755,Female,0.34210526315789475,0.7035398230088494,0.6764705882352939,Bachelors,Yes,No,No,0.7816593886462881,0.7105263157894736,B,Medium
756,Female,0.6710526315789473,0.679203539823009,0.14705882352941174,Bachelors,Yes,Yes,Yes,0.37845705967976706,0.8082706766917293,B,High
757,Female,0.3684210526315789,0.7057522123893807,0.5147058823529411,Bachelors,Yes,No,No,0.7510917030567685,0.8176691729323308,A,Medium
758,Male,0.4210526315789474,0.7212389380530975,0.4264705882352941,Bachelors,Yes,Yes,Yes,0.7467248908296942,0.6710526315789475,B,Medium
759,Male,0.35526315789473684,0.6194690265486726,0.6029411764705881,High School,Yes,Yes,No,0.7147016011644833,0.7086466165413533,B,Medium
760,Male,0.39473684210526316,0.9977876106194694,0.6176470588235294,Bachelors,No,Yes,Yes,0.5604075691411936,0.4755639097744361,C,Medium
761,Female,0.18421052631578944,0.3141592920353984,0.41176470588235287,High School,Yes,No,Yes,0.04657933042212514,0.12030075187969935,F,Low
762,Female,0.10526315789473685,0.48451327433628344,0.39705882352941174,Masters,No,Yes,Yes,0.4512372634643377,0.5112781954887219,C,Low
763,Male,0.7105263157894737,0.6460176991150444,0.5147058823529411,High School,Yes,No,No,0.4541484716157205,0.9398496240601503,A,High
764,Female,0.22368421052631582,0.30530973451327426,0.3676470588235294,High School,Yes,Yes,No,0.39301310043668114,0.6466165413533834,B,Low
765,Male,0.19736842105263158,0.6283185840707965,0.6764705882352939,Bachelors,Yes,Yes,No,0.5851528384279476,0.7255639097744363,B,Low
766,Male,0.0,1.0,0.4705882352941177,Masters,Yes,Yes,No,0.4905385735080058,0.6447368421052632,B,Low
767,Male,0.2631578947368421,0.6725663716814161,0.014705882352941124,Bachelors,Yes,No,No,0.4192139737991266,0.6973684210526317,B,Low
768,Female,0.13157894736842107,0.7190265486725664,0.4705882352941177,High School,Yes,Yes,Yes,0.37845705967976706,0.4586466165413535,C,Low
769,Female,0.7236842105263158,0.3893805309734515,0.35294117647058815,Bachelors,Yes,No,No,0.43813682678311494,0.7274436090225563,B,High
770,Male,0.5921052631578947,0.5309734513274336,0.23529411764705882,High School,Yes,No,No,0.759825327510917,0.9699248120300753,A,Medium
771,Male,0.2631578947368421,0.5840707964601772,0.30882352941176466,High School,Yes,No,No,0.4483260553129549,0.6729323308270675,B,Low
772,Male,0.8421052631578948,0.5973451327433628,0.5441176470588236,High School,Yes,Yes,Yes,0.4730713245997088,0.8421052631578946,A,High
773,Male,0.5921052631578947,0.9513274336283186,0.7647058823529411,Bachelors,Yes,No,No,0.48326055312954874,0.8364661654135338,A,Medium
774,Female,0.32894736842105265,0.7920353982300883,0.588235294117647,High School,Yes,No,Yes,0.6229985443959243,0.7048872180451128,B,Low
775,Female,0.0,0.4225663716814161,0.4264705882352941,Masters,Yes,Yes,No,0.6433770014556042,0.5225563909774434,C,Low
776,Male,0.8421052631578948,0.7234513274336285,0.6029411764705881,High School,Yes,No,Yes,0.03202328966521106,0.7857142857142857,B,High
777,Male,0.11842105263157894,0.7787610619469028,0.44117647058823534,Bachelors,Yes,Yes,No,0.74235807860262,0.5037593984962406,C,Low
778,Female,0.06578947368421052,0.920353982300885,0.41176470588235287,High School,Yes,Yes,No,0.8136826783114992,0.9210526315789472,A,Low
779,Female,0.5921052631578947,1.0,0.3235294117647059,High School,Yes,Yes,No,0.3799126637554585,0.7575187969924811,B,Medium
780,Male,0.881578947368421,0.4424778761061947,0.2205882352941177,High School,Yes,Yes,No,0.39301310043668114,0.8101503759398497,B,High
781,Male,0.6710526315789473,0.4889380530973453,0.45588235294117646,Bachelors,No,Yes,No,0.4847161572052401,0.6071428571428571,C,High
782,Male,0.5,0.3893805309734515,0.5588235294117647,Masters,Yes,Yes,No,0.4308588064046579,0.9548872180451128,A,Medium
783,Female,0.5131578947368421,0.6172566371681418,0.5147058823529411,Bachelors,Yes,No,No,0.6026200873362446,0.8176691729323308,A,Medium
784,Female,0.5657894736842105,0.7721238938053099,0.45588235294117646,High School,Yes,Yes,No,0.2227074235807861,0.5883458646616541,C,Medium
785,Female,0.5394736842105262,0.8871681415929205,0.3676470588235294,High School,Yes,Yes,No,0.3682678311499272,0.8609022556390976,A,Medium
786,Male,0.4473684210526315,0.6504424778761064,0.6323529411764706,Bachelors,Yes,Yes,Yes,0.8326055312954876,0.943609022556391,A,Medium
787,Male,0.4210526315789474,0.5973451327433628,0.29411764705882354,Bachelors,Yes,No,No,0.40174672489082963,0.5676691729323308,C,Medium
788,Female,0.381578947368421,0.7013274336283186,0.6617647058823528,High School,Yes,No,No,0.7802037845705969,0.9398496240601503,A,Medium
789,Female,0.25,0.4823008849557522,0.35294117647058815,Bachelors,Yes,No,No,0.6259097525473072,0.4755639097744361,C,Low
790,Male,0.34210526315789475,1.0,0.39705882352941174,Bachelors,Yes,No,No,0.24745269286754001,0.5375939849624062,C,Medium
791,Female,0.06578947368421052,0.3119469026548676,0.2647058823529412,High School,Yes,Yes,No,0.6739446870451236,0.20300751879699253,F,Low
792,Female,0.381578947368421,0.7079646017699115,0.44117647058823534,High School,No,No,Yes,0.5429403202328966,0.3909774436090224,D,Medium
793,Male,0.19736842105263158,1.0,0.7058823529411764,Masters,Yes,Yes,Yes,0.48326055312954874,0.8345864661654135,A,Low
794,Female,0.17105263157894735,0.6703539823008848,0.6176470588235294,High School,Yes,Yes,Yes,0.6055312954876275,0.7518796992481204,B,Low
795,Male,0.43421052631578944,0.6261061946902655,0.7058823529411764,High School,Yes,No,No,0.6462882096069869,0.8026315789473685,B,Medium
796,Male,0.6710526315789473,0.5884955752212391,0.6176470588235294,Bachelors,Yes,Yes,No,0.6870451237263464,1.0,A,High
797,Male,0.5789473684210527,0.6283185840707965,0.338235294117647,Masters,Yes,No,No,0.7685589519650655,0.8759398496240604,A,Medium
798,Male,0.07894736842105264,0.9712389380530975,0.4705882352941177,High School,Yes,No,No,0.6346433770014557,0.5996240601503761,C,Low
799,Male,0.19736842105263158,0.17920353982300896,0.39705882352941174,Bachelors,Yes,Yes,Yes,0.3231441048034934,0.26315789473684215,D,Low
800,Male,0.5789473684210527,1.0,0.7647058823529411,High School,Yes,Yes,No,0.48034934497816595,0.9266917293233082,A,Medium
801,Male,0.19736842105263158,0.35398230088495586,0.3235294117647059,High School,Yes,Yes,No,1.0,0.680451127819549,B,Low
802,Female,0.35526315789473684,0.6084070796460177,0.6911764705882353,High School,Yes,No,No,0.6899563318777293,0.8872180451127819,A,Medium
803,Male,0.5,0.5730088495575223,0.6911764705882353,Masters,Yes,No,No,0.9767103347889374,1.0,A,Medium
804,Male,0.19736842105263158,0.7986725663716818,0.8529411764705881,High School,Yes,Yes,No,0.8064046579330422,0.8984962406015037,A,Low
805,Female,0.4210526315789474,0.3141592920353984,0.45588235294117646,High School,Yes,Yes,No,0.6055312954876275,0.7687969924812031,B,Medium
806,Female,0.13157894736842107,0.7699115044247786,0.6617647058823528,Bachelors,Yes,No,No,0.6157205240174672,0.663533834586466,B,Low
807,Female,0.27631578947368424,1.0,0.9264705882352942,Masters,Yes,No,Yes,0.5574963609898107,0.6259398496240601,B,Low
808,Male,0.4605263157894737,0.36725663716814183,0.4264705882352941,High School,No,Yes,Yes,0.2590975254730713,0.20676691729323304,F,Medium
809,Female,0.07894736842105264,0.7101769911504427,0.2647058823529412,Bachelors,Yes,Yes,No,0.5662299854439592,0.5169172932330827,C,Low
810,Male,0.48684210526315785,0.5221238938053099,0.19117647058823523,High School,No,No,No,0.7743813682678311,0.6710526315789475,B,Medium
811,Male,0.39473684210526316,0.763274336283186,0.6617647058823528,Bachelors,Yes,Yes,No,0.4585152838427947,0.7349624060150378,B,Medium
812,Male,0.5,0.6725663716814161,0.19117647058823523,Bachelors,Yes,Yes,No,0.6346433770014557,0.7819548872180452,B,Medium
813,Male,0.43421052631578944,0.5265486725663717,0.4705882352941177,Bachelors,Yes,No,No,0.7117903930131004,1.0,A,Medium
814,Female,0.6578947368421052,0.776548672566372,0.6029411764705881,High School,No,No,Yes,0.40465793304221254,0.5413533834586465,C,High
815,Female,0.4210526315789474,1.0,0.5588235294117647,High School,Yes,Yes,No,0.4847161572052401,0.5864661654135338,C,Medium
816,Male,0.3157894736842105,0.6261061946902655,0.6029411764705881,High School,Yes,Yes,No,0.3857350800582241,0.6240601503759399,B,Low
817,Male,0.4210526315789474,0.8274336283185844,0.5735294117647058,Bachelors,Yes,Yes,Yes,0.4192139737991266,0.6278195488721806,B,Medium
818,Male,0.5,0.3827433628318584,0.75,High School,Yes,Yes,No,0.3377001455604076,0.6654135338345865,B,Medium
819,Female,0.40789473684210525,0.4557522123893807,0.3676470588235294,Masters,Yes,No,No,0.406113537117904,0.6165413533834586,C,Medium
820,Male,0.40789473684210525,0.7721238938053099,0.41176470588235287,High School,No,Yes,No,0.8107714701601165,0.9304511278195488,A,Medium
821,Male,0.25,0.9955752212389379,0.39705882352941174,High School,No,No,No,0.4032023289665211,0.34962406015037606,D,Low
822,Female,0.2631578947368421,0.747787610619469,0.6764705882352939,PhD,Yes,No,No,0.5851528384279476,0.6221804511278196,C,Low
823,Female,0.11842105263157894,0.599557522123894,0.6911764705882353,Bachelors,No,Yes,No,0.4759825327510917,0.46616541353383456,C,Low
824,Male,0.7368421052631579,0.668141592920354,0.6029411764705881,Masters,Yes,Yes,No,0.7685589519650655,1.0,A,High
825,Female,0.14473684210526316,0.3915929203539823,0.7352941176470587,High School,Yes,Yes,No,0.7918486171761281,0.8853383458646619,A,Low
826,Female,0.2631578947368421,0.8008849557522124,0.3235294117647059,Bachelors,Yes,No,Yes,0.7147016011644833,0.7650375939849624,B,Low
827,Male,0.25,0.8628318584070795,0.8235294117647058,Bachelors,Yes,No,No,0.6171761280931587,0.7424812030075189,B,Low
828,Female,0.5657894736842105,0.5685840707964602,0.7941176470588234,Bachelors,No,Yes,Yes,0.522561863173217,0.5789473684210525,C,Medium
829,Male,0.34210526315789475,0.5641592920353982,0.6617647058823528,Masters,Yes,No,Yes,0.3551673944687046,0.4398496240601505,C,Medium
830,Female,0.6447368421052632,0.7278761061946903,0.838235294117647,High School,Yes,No,No,0.9024745269286754,1.0,A,High
831,Male,0.2631578947368421,0.570796460176991,0.23529411764705882,High School,Yes,No,Yes,0.4308588064046579,0.5018796992481204,C,Low
832,Male,0.4473684210526315,0.6526548672566372,0.44117647058823534,High School,Yes,Yes,No,0.6797671033478894,0.8345864661654135,A,Medium
833,Male,0.22368421052631582,1.0,0.39705882352941174,High School,Yes,Yes,Yes,0.7481804949053859,0.5883458646616541,C,Low
834,Female,0.8157894736842105,0.6128318584070798,0.6617647058823528,Bachelors,No,No,No,0.46579330422125176,0.793233082706767,B,High
835,Male,0.15789473684210525,0.5884955752212391,0.338235294117647,High School,Yes,Yes,Yes,0.745269286754003,0.6616541353383459,B,Low
836,Female,0.4605263157894737,0.5243362831858407,0.6617647058823528,Bachelors,Yes,Yes,Yes,0.6972343522561864,0.8026315789473685,B,Medium
837,Male,0.5263157894736842,0.8318584070796464,0.7647058823529411,Bachelors,Yes,Yes,Yes,0.8646288209606987,1.0,A,Medium
838,Male,0.4736842105263157,0.6283185840707965,0.6470588235294117,High School,Yes,Yes,No,0.4818049490538574,0.7875939849624062,B,Medium
839,Female,0.35526315789473684,0.5243362831858407,0.5735294117647058,High School,Yes,Yes,No,0.33915574963609896,0.7368421052631579,B,Medium
840,Male,0.3684210526315789,0.9601769911504427,0.35294117647058815,PhD,Yes,No,Yes,0.47452692867540025,0.6785714285714287,B,Medium
841,Male,0.40789473684210525,0.9823008849557522,0.3823529411764705,Bachelors,Yes,Yes,No,0.5997088791848617,0.7857142857142857,B,Medium
842,Female,0.3684210526315789,0.5353982300884956,0.75,Bachelors,Yes,Yes,No,0.5735080058224162,0.6090225563909776,C,Medium
843,Male,0.5789473684210527,0.25442477876106206,0.6617647058823528,High School,Yes,No,No,0.49490538573508003,0.7199248120300751,B,Medium
844,Male,0.8289473684210525,0.8915929203539821,0.5294117647058822,High School,Yes,Yes,No,0.22998544395924314,0.6278195488721806,B,High
845,Male,0.2894736842105263,0.517699115044248,0.45588235294117646,High School,Yes,Yes,No,0.6448326055312954,0.6278195488721806,B,Low
846,Male,0.11842105263157894,0.8429203539823011,0.1764705882352941,Bachelors,Yes,No,Yes,0.9082969432314412,0.6296992481203006,B,Low
847,Female,0.381578947368421,0.23230088495575218,0.338235294117647,Bachelors,Yes,No,No,0.6448326055312954,0.43233082706766923,D,Medium
848,Female,0.9078947368421053,0.865044247787611,0.8676470588235292,High School,No,No,No,0.6695778748180494,1.0,A,High
849,Male,0.23684210526315785,0.40044247787610643,0.30882352941176466,Masters,Yes,No,No,0.6637554585152838,0.6390977443609022,B,Low
850,Female,0.7236842105263158,0.829646017699115,0.5588235294117647,High School,Yes,Yes,Yes,0.6331877729257642,1.0,A,High
851,Male,0.7236842105263158,0.6703539823008848,0.7058823529411764,Bachelors,Yes,No,Yes,0.7263464337700145,0.9906015037593986,A,High
852,Female,0.2894736842105263,0.4579646017699115,0.30882352941176466,High School,Yes,Yes,No,0.6317321688500728,0.6372180451127821,B,Low
853,Male,0.5131578947368421,0.5774336283185844,0.5588235294117647,Bachelors,Yes,No,No,0.5080058224163028,0.7481203007518796,B,Medium
854,Male,0.7105263157894737,0.8207964601769913,0.6911764705882353,Masters,No,Yes,No,0.42358078602620086,0.9774436090225563,A,High
855,Male,0.3157894736842105,0.6924778761061947,0.5294117647058822,Bachelors,Yes,No,No,0.519650655021834,0.6597744360902257,B,Low
856,Male,0.35526315789473684,0.7964601769911503,1.0,PhD,Yes,No,Yes,0.6186317321688499,0.6052631578947368,C,Medium
857,Male,0.27631578947368424,1.0,0.23529411764705882,Bachelors,Yes,No,No,0.5080058224163028,0.8439849624060151,A,Low
858,Male,0.19736842105263158,0.3230088495575223,0.7205882352941175,PhD,Yes,Yes,No,0.6186317321688499,0.6015037593984963,C,Low
859,Female,0.2631578947368421,1.0,0.49999999999999994,Bachelors,Yes,Yes,No,0.6404657933042213,0.7142857142857143,B,Low
860,Male,0.15789473684210525,0.6902654867256639,0.6617647058823528,High School,No,No,Yes,0.7088791848617175,0.37030075187969935,D,Low
861,Female,0.40789473684210525,0.46902654867256643,0.6029411764705881,High School,Yes,No,No,0.787481804949054,0.8327067669172931,A,Medium
862,Male,0.23684210526315785,0.3738938053097347,0.39705882352941174,High School,Yes,Yes,No,0.5764192139737991,0.5150375939849624,C,Low
863,Female,0.4473684210526315,0.6261061946902655,0.5735294117647058,High School,Yes,No,Yes,0.3347889374090247,0.7424812030075189,B,Medium
864,Female,0.09210526315789473,0.8716814159292037,0.20588235294117635,Masters,Yes,No,No,0.5036390101892286,0.4586466165413535,C,Low
865,Female,0.4605263157894737,0.6393805309734515,0.6323529411764706,Masters,Yes,Yes,No,0.5705967976710336,0.6898496240601505,B,Medium
866,Male,0.5657894736842105,1.0,0.588235294117647,High School,Yes,No,Yes,0.24308588064046577,0.8082706766917293,B,Medium
867,Male,0.0,0.347345132743363,0.6470588235294117,High School,Yes,Yes,No,0.8064046579330422,0.6296992481203006,B,Low
868,Female,0.4736842105263157,0.6659292035398232,0.7205882352941175,Masters,Yes,Yes,No,0.5880640465793305,0.8421052631578946,A,Medium
869,Male,0.631578947368421,0.3915929203539823,0.588235294117647,Bachelors,Yes,Yes,No,0.6302765647743813,0.9210526315789472,A,High
870,Female,0.15789473684210525,0.747787610619469,0.5588235294117647,High School,Yes,No,No,0.802037845705968,0.7067669172932333,B,Low
871,Male,0.7236842105263158,0.865044247787611,0.3676470588235294,Bachelors,Yes,No,No,0.45269286754002913,0.9266917293233082,A,High
872,Female,0.4736842105263157,0.5752212389380531,0.39705882352941174,High School,Yes,Yes,Yes,0.6637554585152838,0.8609022556390976,A,Medium
873,Female,0.25,0.09292035398230092,0.7352941176470587,High School,Yes,No,No,0.5443959243085881,0.5394736842105264,C,Low
874,Male,0.381578947368421,0.7123893805309736,0.7794117647058822,Bachelors,Yes,No,No,0.5312954876273653,0.7199248120300751,B,Medium
875,Female,0.5,0.765486725663717,0.4852941176470588,High School,Yes,No,No,0.4279475982532751,0.8834586466165414,A,Medium
876,Male,0.40789473684210525,0.7566371681415931,0.5441176470588236,High School,Yes,Yes,No,0.8544395924308588,0.6503759398496242,B,Medium
877,Female,0.5,0.9424778761061949,0.3676470588235294,High School,Yes,No,Yes,0.49781659388646293,0.9774436090225563,A,Medium
878,Female,0.21052631578947367,0.43141592920353977,0.7352941176470587,High School,No,Yes,No,0.6855895196506552,0.34962406015037606,D,Low
879,Male,0.43421052631578944,0.8185840707964602,0.6470588235294117,High School,Yes,Yes,No,0.23580786026200873,0.5789473684210525,C,Medium
880,Male,0.11842105263157894,0.9314159292035402,0.8676470588235292,Masters,Yes,Yes,Yes,0.770014556040757,0.7293233082706766,B,Low
881,Male,0.3684210526315789,0.2743362831858409,0.3676470588235294,Bachelors,Yes,Yes,No,0.7467248908296942,0.6503759398496242,B,Medium
882,Female,0.21052631578947367,0.7389380530973453,0.45588235294117646,Bachelors,Yes,No,No,0.5807860262008735,0.7255639097744363,B,Low
883,Male,0.25,0.5575221238938055,0.5735294117647058,High School,Yes,Yes,No,0.5240174672489083,0.47180451127819556,C,Low
884,Female,0.6447368421052632,0.6504424778761064,0.6470588235294117,High School,Yes,No,Yes,0.6331877729257642,0.8947368421052632,A,High
885,Female,0.6052631578947367,0.7455752212389382,0.4852941176470588,Bachelors,Yes,Yes,No,0.9636098981077148,1.0,A,High
886,Male,0.5131578947368421,0.5597345132743363,0.3823529411764705,Masters,Yes,Yes,Yes,0.25473071324599705,0.569548872180451,C,Medium
887,Male,0.18421052631578944,0.517699115044248,0.6911764705882353,PhD,Yes,No,Yes,0.7001455604075693,0.5639097744360902,C,Low
888,Female,0.32894736842105265,0.6747787610619469,0.6617647058823528,High School,Yes,No,No,0.40465793304221254,0.6203007518796991,C,Low
889,Female,0.631578947368421,0.42699115044247793,0.3676470588235294,Bachelors,Yes,Yes,Yes,0.5604075691411936,0.6654135338345865,B,High
890,Male,0.4210526315789474,0.42699115044247793,0.7647058823529411,High School,Yes,Yes,Yes,0.519650655021834,0.5751879699248122,C,Medium
891,Male,0.8552631578947368,0.8185840707964602,0.7352941176470587,Bachelors,Yes,Yes,Yes,0.48908296943231444,1.0,A,High
892,Male,0.4736842105263157,0.4137168141592922,0.5588235294117647,Masters,Yes,Yes,Yes,0.5618631732168851,0.7593984962406016,B,Medium
893,Male,0.43421052631578944,0.8163716814159292,0.5441176470588236,High School,Yes,No,Yes,0.3653566229985443,0.5563909774436092,C,Medium
894,Male,0.32894736842105265,0.7699115044247786,0.6323529411764706,High School,No,No,No,0.7438136826783115,0.6165413533834586,C,Low
895,Female,0.4210526315789474,0.28539823008849563,0.3823529411764705,Masters,Yes,Yes,Yes,0.2503639010189228,0.46240601503759404,C,Medium
896,Female,0.3684210526315789,0.517699115044248,0.5294117647058822,High School,Yes,No,Yes,0.6579330422125182,0.6390977443609022,B,Medium
897,Female,0.5394736842105262,0.9314159292035402,0.14705882352941174,Masters,Yes,No,Yes,0.5065502183406113,0.8327067669172931,A,Medium
898,Female,0.5789473684210527,0.45132743362831884,0.6911764705882353,Bachelors,Yes,Yes,No,0.3580786026200873,0.6015037593984963,C,Medium
899,Male,0.23684210526315785,0.5663716814159294,0.25000000000000006,High School,Yes,Yes,No,0.5982532751091705,0.37406015037593987,D,Low
900,Male,0.13157894736842107,0.7699115044247786,0.7941176470588234,High School,Yes,No,No,0.29112081513828236,0.4135338345864662,D,Low
901,Male,0.02631578947368421,0.8407079646017701,0.4705882352941177,High School,Yes,No,No,0.5705967976710336,0.4342105263157897,D,Low
902,Female,0.5,0.6128318584070798,0.4852941176470588,Masters,Yes,Yes,No,0.31441048034934493,0.6372180451127821,B,Medium
903,Female,0.17105263157894735,0.5353982300884956,0.41176470588235287,Masters,Yes,Yes,No,0.6433770014556042,0.49812030075187963,C,Low
904,Male,0.0,0.9823008849557522,0.4852941176470588,High School,No,Yes,Yes,0.40174672489082963,0.4135338345864662,D,Low
905,Male,0.4736842105263157,1.0,0.7794117647058822,High School,Yes,No,No,0.4847161572052401,0.8270676691729323,A,Medium
906,Female,0.881578947368421,0.8849557522123894,0.08823529411764702,Masters,Yes,Yes,No,0.6142649199417758,1.0,A,High
907,Female,0.39473684210526316,0.6880530973451329,0.75,Masters,Yes,Yes,No,0.4279475982532751,0.7180451127819548,B,Medium
908,Male,0.5657894736842105,0.4889380530973453,0.588235294117647,High School,Yes,No,Yes,0.5531295487627366,0.7368421052631579,B,Medium
909,Male,0.40789473684210525,0.48451327433628344,0.3235294117647059,Bachelors,Yes,No,No,0.2983988355167394,0.4943609022556391,C,Medium
910,Female,0.381578947368421,0.7831858407079648,0.338235294117647,High School,Yes,No,Yes,0.6739446870451236,0.7669172932330827,B,Medium
911,Male,0.5789473684210527,0.7610619469026549,0.8235294117647058,High School,Yes,Yes,Yes,0.8719068413391557,0.9342105263157895,A,Medium
912,Male,0.34210526315789475,0.9778761061946906,0.3676470588235294,High School,Yes,Yes,No,1.0,1.0,A,Medium
913,Male,0.4473684210526315,0.8119469026548671,0.3235294117647059,Bachelors,No,Yes,No,0.5793304221251818,0.663533834586466,B,Medium
914,Female,0.4605263157894737,0.33628318584070804,0.7352941176470587,Masters,Yes,Yes,No,0.7016011644832605,0.6296992481203006,B,Medium
915,Female,0.2631578947368421,0.9004424778761062,0.588235294117647,High School,Yes,No,No,0.25181950509461426,0.5657894736842107,C,Low
916,Female,0.5921052631578947,0.4469026548672568,0.3676470588235294,Bachelors,No,Yes,Yes,0.8253275109170306,0.6560150375939849,B,Medium
917,Female,0.35526315789473684,0.5840707964601772,0.5735294117647058,Masters,Yes,Yes,Yes,0.6986899563318776,0.7763157894736842,B,Medium
918,Female,0.25,0.7234513274336285,0.35294117647058815,Bachelors,Yes,Yes,Yes,0.4788937409024746,0.7763157894736842,B,Low
919,Female,0.5,1.0,0.7205882352941175,PhD,Yes,Yes,No,0.7787481804949052,0.9492481203007518,A,Medium
920,Female,0.22368421052631582,1.0,0.7205882352941175,High School,Yes,No,Yes,0.5181950509461427,0.6879699248120302,B,Low
921,Male,0.39473684210526316,0.8030973451327434,0.6176470588235294,High School,Yes,Yes,Yes,0.48326055312954874,0.4887218045112781,C,Medium
922,Male,0.39473684210526316,0.6283185840707965,0.588235294117647,High School,Yes,Yes,No,0.6462882096069869,0.8214285714285715,A,Medium
923,Male,0.6052631578947367,0.7853982300884956,0.838235294117647,High School,Yes,Yes,Yes,0.3770014556040757,0.6954887218045113,B,High
924,Male,0.48684210526315785,0.865044247787611,0.5294117647058822,Masters,Yes,Yes,No,0.74235807860262,0.8703007518796991,A,Medium
925,Male,0.39473684210526316,0.5973451327433628,0.3235294117647059,Bachelors,Yes,Yes,No,0.37845705967976706,0.4586466165413535,C,Medium
926,Male,0.5526315789473685,1.0,0.6029411764705881,Bachelors,Yes,No,No,0.3799126637554585,0.9116541353383457,A,Medium
927,Male,0.6710526315789473,0.7190265486725664,0.8970588235294119,Bachelors,Yes,No,No,0.40465793304221254,0.9924812030075186,A,High
928,Female,0.5,0.7787610619469028,0.35294117647058815,Masters,Yes,No,No,0.6957787481804949,0.8571428571428573,A,Medium
929,Female,0.39473684210526316,0.8163716814159292,0.4705882352941177,High School,Yes,No,Yes,0.4556040756914119,0.5375939849624062,C,Medium
930,Male,0.13157894736842107,0.7610619469026549,0.6029411764705881,High School,Yes,No,No,0.32751091703056767,0.6390977443609022,B,Low
931,Male,0.18421052631578944,0.8539823008849559,0.5147058823529411,High School,Yes,No,No,0.4570596797671034,0.4906015037593986,C,Low
932,Female,0.32894736842105265,0.5309734513274336,0.35294117647058815,Bachelors,Yes,Yes,Yes,0.5574963609898107,0.317669172932331,D,Low
933,Male,0.27631578947368424,0.5442477876106198,0.7205882352941175,High School,Yes,Yes,Yes,0.35662299854439583,0.5357142857142857,C,Low
934,Male,0.35526315789473684,0.4247787610619469,0.9411764705882353,Bachelors,Yes,Yes,No,0.36244541484716164,0.46804511278195504,C,Medium
935,Female,0.40789473684210525,0.765486725663717,0.5588235294117647,Bachelors,Yes,No,No,0.9315866084425035,1.0,A,Medium
936,Male,0.5,0.8407079646017701,0.3676470588235294,High School,Yes,No,No,0.41339155749636103,0.6860902255639098,B,Medium
937,Female,0.381578947368421,0.7699115044247786,0.25000000000000006,Bachelors,Yes,No,No,0.5065502183406113,0.7293233082706766,B,Medium
938,Male,0.48684210526315785,1.0,0.5735294117647058,PhD,No,Yes,Yes,0.49927219796215416,0.8703007518796991,A,Medium
939,Female,0.40789473684210525,0.6659292035398232,0.7205882352941175,High School,Yes,No,No,0.48908296943231444,0.5733082706766918,C,Medium
940,Female,0.0,0.8163716814159292,0.6176470588235294,Bachelors,Yes,Yes,No,0.6724890829694323,0.5263157894736842,C,Low
941,Female,0.21052631578947367,0.42699115044247793,0.5294117647058822,Masters,Yes,Yes,Yes,0.7292576419213974,0.56203007518797,C,Low
942,Male,0.3684210526315789,0.581858407079646,0.4264705882352941,Bachelors,No,Yes,No,0.5094614264919941,0.7236842105263158,B,Medium
943,Female,0.15789473684210525,0.8230088495575223,0.338235294117647,Masters,Yes,Yes,No,0.34788937409024745,0.40977443609022546,D,Low
944,Male,0.5131578947368421,0.8561946902654869,0.6764705882352939,Bachelors,Yes,Yes,No,0.7860262008733625,0.9323308270676692,A,Medium
945,Male,0.6973684210526315,0.6039823008849556,0.6911764705882353,Bachelors,Yes,Yes,Yes,0.547307132459971,0.9191729323308272,A,High
946,Male,0.631578947368421,0.6526548672566372,0.25000000000000006,High School,Yes,Yes,No,0.8660844250363902,0.9266917293233082,A,High
947,Male,0.35526315789473684,0.331858407079646,0.8088235294117645,Masters,Yes,No,No,0.1717612809315866,0.443609022556391,C,Medium
948,Female,0.6842105263157895,0.5884955752212391,0.6323529411764706,Masters,Yes,No,No,0.5967976710334788,0.7330827067669173,B,High
949,Female,0.4210526315789474,0.865044247787611,0.7794117647058822,High School,No,No,No,0.8981077147016012,1.0,A,Medium
950,Male,0.32894736842105265,0.7964601769911503,0.29411764705882354,Bachelors,No,Yes,Yes,0.5021834061135371,0.3571428571428571,D,Low
951,Male,0.27631578947368424,0.7787610619469028,0.29411764705882354,High School,No,No,No,0.5240174672489083,0.4812030075187971,C,Low
952,Female,0.32894736842105265,0.679203539823009,0.49999999999999994,Bachelors,Yes,No,No,0.6142649199417758,0.6917293233082705,B,Low
953,Male,0.3157894736842105,0.6703539823008848,0.6176470588235294,Bachelors,Yes,Yes,Yes,0.46579330422125176,0.8026315789473685,B,Low
954,Female,0.43421052631578944,0.5221238938053099,0.8529411764705881,High School,Yes,Yes,No,0.5094614264919941,0.5845864661654138,C,Medium
955,Male,0.4210526315789474,0.8230088495575223,0.6470588235294117,Masters,Yes,Yes,No,0.5036390101892286,1.0,A,Medium
956,Male,0.39473684210526316,0.7610619469026549,0.4852941176470588,Bachelors,Yes,Yes,No,0.4541484716157205,0.7800751879699247,B,Medium
957,Female,0.48684210526315785,0.776548672566372,0.35294117647058815,Masters,Yes,No,Yes,0.777292576419214,0.8778195488721804,A,Medium
958,Male,0.631578947368421,0.5508849557522126,0.75,PhD,Yes,No,No,0.6433770014556042,0.793233082706767,B,High
959,Female,0.5789473684210527,0.1924778761061947,0.35294117647058815,Bachelors,Yes,Yes,No,0.6069868995633187,0.7669172932330827,B,Medium
960,Male,0.10526315789473685,0.9115044247787609,0.8235294117647058,Bachelors,Yes,No,No,0.7045123726346434,0.6334586466165414,B,Low
961,Male,0.0,0.5619469026548674,0.4852941176470588,Bachelors,Yes,No,No,0.5167394468704511,0.5375939849624062,C,Low
962,Male,0.5789473684210527,0.47787610619469056,0.8088235294117645,High School,Yes,No,No,0.4279475982532751,0.6372180451127821,B,Medium
963,Female,0.11842105263157894,0.8207964601769913,0.6470588235294117,Masters,Yes,Yes,Yes,0.4585152838427947,0.49248120300751885,C,Low
964,Male,0.35526315789473684,0.581858407079646,0.49999999999999994,High School,Yes,No,No,0.5633187772925765,0.5939849624060151,C,Medium
965,Male,0.15789473684210525,0.9026548672566372,0.44117647058823534,PhD,Yes,Yes,No,0.37845705967976706,0.42669172932330823,D,Low
966,Male,0.039473684210526314,0.8053097345132745,0.4705882352941177,Bachelors,Yes,No,No,0.4759825327510917,0.5526315789473685,C,Low
967,Male,0.5,0.8185840707964602,0.6029411764705881,High School,Yes,Yes,Yes,0.4730713245997088,0.81203007518797,A,Medium
968,Female,0.5394736842105262,0.3650442477876106,0.5441176470588236,Bachelors,Yes,Yes,No,0.9344978165938864,1.0,A,Medium
969,Female,0.27631578947368424,0.9358407079646018,0.4264705882352941,Bachelors,Yes,No,No,0.07860262008733632,0.24812030075187963,D,Low
970,Male,0.0,0.7256637168141593,0.49999999999999994,PhD,Yes,Yes,No,0.5312954876273653,0.5921052631578948,C,Low
971,Female,0.2894736842105263,0.586283185840708,0.5441176470588236,High School,Yes,Yes,Yes,0.8646288209606987,1.0,A,Low
972,Male,0.4736842105263157,0.6991150442477878,0.14705882352941174,Masters,No,Yes,Yes,0.5851528384279476,0.5413533834586465,C,Medium
973,Male,0.10526315789473685,0.2743362831858409,0.6029411764705881,Bachelors,Yes,No,No,0.6943231441048034,0.701127819548872,B,Low
974,Male,0.43421052631578944,0.7588495575221239,0.35294117647058815,High School,No,Yes,Yes,0.5807860262008735,0.5845864661654138,C,Medium
975,Female,0.39473684210526316,0.4402654867256639,0.3235294117647059,High School,Yes,No,No,0.44687045123726343,0.39661654135338364,D,Medium
976,Female,0.5131578947368421,0.36946902654867264,0.23529411764705882,Bachelors,Yes,Yes,Yes,0.1717612809315866,0.37969924812030087,D,Medium
977,Female,0.4210526315789474,0.331858407079646,0.20588235294117635,High School,No,Yes,No,0.5997088791848617,0.6409774436090226,B,Medium
978,Female,0.19736842105263158,0.913716814159292,0.29411764705882354,Bachelors,Yes,Yes,No,0.4279475982532751,0.4755639097744361,C,Low
979,Female,0.631578947368421,0.5287610619469028,0.39705882352941174,PhD,Yes,Yes,No,0.42358078602620086,0.680451127819549,B,High
980,Female,0.3684210526315789,1.0,0.8676470588235292,High School,Yes,Yes,No,0.4759825327510917,0.8853383458646619,A,Medium
981,Female,0.39473684210526316,0.5486725663716814,0.44117647058823534,High School,Yes,Yes,No,0.8675400291120816,0.8383458646616543,A,Medium
982,Female,0.21052631578947367,0.2898230088495577,0.5588235294117647,High School,No,No,Yes,0.9839883551673945,0.6184210526315791,C,Low
983,Female,0.3026315789473684,0.42035398230088505,0.6029411764705881,High School,Yes,No,Yes,0.6011644832605529,0.580827067669173,C,Low
984,Male,0.22368421052631582,0.9424778761061949,0.5588235294117647,Masters,Yes,Yes,No,0.4818049490538574,0.7180451127819548,B,Low
985,Female,0.35526315789473684,0.6327433628318586,0.5147058823529411,Bachelors,Yes,Yes,No,0.3580786026200873,0.5375939849624062,C,Medium
986,Female,0.7368421052631579,0.5464601769911506,0.3235294117647059,High School,Yes,No,No,0.6448326055312954,0.9323308270676692,A,High
987,Female,0.11842105263157894,0.7035398230088494,0.7794117647058822,High School,Yes,Yes,No,0.8748180494905387,0.6578947368421052,B,Low
988,Female,0.07894736842105264,0.7787610619469028,0.8529411764705881,High School,Yes,Yes,No,0.519650655021834,0.7330827067669173,B,Low
989,Female,0.6842105263157895,0.915929203539823,0.23529411764705882,High School,Yes,No,No,0.14847161572052403,0.6409774436090226,B,High
990,Female,0.35526315789473684,0.9889380530973453,0.35294117647058815,High School,Yes,No,Yes,0.6797671033478894,0.8853383458646619,A,Medium
991,Female,0.2631578947368421,0.5884955752212391,0.4852941176470588,High School,Yes,No,No,0.735080058224163,0.6597744360902257,B,Low
992,Female,0.6052631578947367,0.3738938053097347,0.35294117647058815,Bachelors,Yes,Yes,No,0.2867540029112081,0.6315789473684211,B,High
993,Female,0.27631578947368424,0.5774336283185844,0.6176470588235294,High School,Yes,Yes,No,0.5938864628820959,0.6015037593984963,C,Low
994,Female,0.75,0.7256637168141593,0.39705882352941174,PhD,Yes,No,No,0.6419213973799127,0.8627819548872181,A,High
995,Female,0.5263157894736842,0.4557522123893807,0.911764705882353,Bachelors,Yes,Yes,No,0.5502183406113537,0.6071428571428571,C,Medium
996,Male,0.3026315789473684,0.4557522123893807,0.7352941176470587,Masters,Yes,Yes,No,0.4250363901018923,0.449248120300752,C,Low
997,Male,0.8157894736842105,0.7433628318584073,0.5735294117647058,High School,No,Yes,No,0.7409024745269288,0.9906015037593986,A,High
998,Female,0.27631578947368424,0.6570796460176993,0.7058823529411764,High School,Yes,Yes,Yes,0.4934497816593887,0.6090225563909776,C,Low
999,Female,0.5394736842105262,0.6747787610619469,0.7205882352941175,High School,No,No,Yes,0.3042212518195051,0.6654135338345865,B,Medium
1000,Male,0.4473684210526315,0.5000000000000002,0.4264705882352941,Masters,Yes,No,No,0.20524017467248912,0.443609022556391,C,Medium
